대여소_번호,대여소_ID,자치구,Capa,일평균순유입량
102,ST-4,마포구,15,
103,ST-5,마포구,14,
104,ST-6,마포구,13,
105,ST-7,마포구,5,
106,ST-8,마포구,12,
107,ST-9,마포구,5,
108,ST-10,마포구,10,
111,ST-15,마포구,10,
113,ST-18,마포구,25,
114,ST-20,마포구,15,
115,ST-12,서대문구,15,
117,ST-17,서대문구,23,
118,ST-19,마포구,9,
119,ST-21,마포구,10,
120,ST-22,마포구,5,
121,ST-23,마포구,15,
122,ST-24,마포구,10,
123,ST-25,서대문구,20,
124,ST-26,마포구,35,
126,ST-28,마포구,20,
127,ST-29,마포구,9,
128,ST-30,서대문구,20,
129,ST-31,마포구,10,
130,ST-32,마포구,10,
131,ST-33,서대문구,20,
133,ST-35,서대문구,15,
134,ST-36,서대문구,8,
135,ST-37,서대문구,10,
137,ST-39,서대문구,10,
138,ST-40,서대문구,10,
139,ST-43,서대문구,10,
140,ST-41,서대문구,22,
141,ST-42,서대문구,10,
142,ST-200,마포구,11,
143,ST-201,마포구,9,
145,ST-203,마포구,9,
146,ST-204,마포구,12,
147,ST-205,마포구,7,
148,ST-206,마포구,11,
150,ST-207,마포구,15,
153,ST-210,마포구,10,
154,ST-211,마포구,13,
155,ST-212,마포구,15,
156,ST-213,마포구,10,
157,ST-214,마포구,12,
159,ST-216,서대문구,5,
160,ST-217,서대문구,13,
161,ST-218,서대문구,8,
162,ST-219,서대문구,15,
163,ST-220,서대문구,6,
164,ST-221,서대문구,10,
165,ST-222,서대문구,20,
166,ST-223,서대문구,20,
167,ST-224,서대문구,15,
169,ST-226,서대문구,10,
170,ST-227,서대문구,10,
171,ST-228,서대문구,10,
173,ST-230,서대문구,8,
175,ST-231,서대문구,20,
176,ST-555,서대문구,10,
177,ST-345,서대문구,8,
178,ST-349,서대문구,10,
179,ST-232,서대문구,14,
180,ST-233,서대문구,10,
181,ST-339,마포구,15,
182,ST-340,마포구,9,
183,ST-341,마포구,15,
184,ST-342,마포구,9,
185,ST-343,마포구,15,
186,ST-344,마포구,40,
188,ST-346,서대문구,9,
191,ST-347,서대문구,10,
192,ST-348,서대문구,10,
194,ST-350,서대문구,10,
195,ST-351,서대문구,10,
196,ST-352,서대문구,10,
198,ST-354,서대문구,15,
199,ST-443,마포구,30,
200,ST-45,영등포구,18,
201,ST-46,영등포구,15,
202,ST-47,영등포구,30,
203,ST-51,영등포구,15,
204,ST-50,영등포구,13,
205,ST-52,영등포구,20,
206,ST-53,영등포구,35,
207,ST-73,영등포구,46,
209,ST-55,영등포구,12,
211,ST-57,영등포구,13,
212,ST-58,영등포구,10,
213,ST-59,영등포구,19,
214,ST-60,영등포구,21,
215,ST-64,영등포구,10,
217,ST-66,영등포구,15,
219,ST-62,영등포구,12,
220,ST-63,영등포구,30,
221,ST-67,영등포구,10,
222,ST-68,영등포구,12,
223,ST-69,영등포구,20,
224,ST-70,영등포구,20,
225,ST-71,영등포구,26,
226,ST-72,영등포구,19,
227,ST-277,영등포구,20,
228,ST-278,영등포구,10,
229,ST-279,영등포구,25,
230,ST-413,영등포구,13,
231,ST-280,영등포구,10,
232,ST-281,영등포구,20,
233,ST-282,영등포구,10,
235,ST-284,영등포구,10,
236,ST-285,영등포구,10,
237,ST-286,동작구,20,
238,ST-287,영등포구,10,
239,ST-288,영등포구,20,
240,ST-289,영등포구,10,
241,ST-290,영등포구,10,
242,ST-291,영등포구,15,
243,ST-292,영등포구,15,
244,ST-293,영등포구,20,
245,ST-294,영등포구,14,
247,ST-295,영등포구,14,
248,ST-296,영등포구,10,
249,ST-297,영등포구,16,
250,ST-298,영등포구,10,
251,ST-299,영등포구,10,
252,ST-300,영등포구,10,
253,ST-301,영등포구,10,
254,ST-302,영등포구,10,
255,ST-303,영등포구,15,
256,ST-304,영등포구,10,
258,ST-306,영등포구,14,
259,ST-307,영등포구,17,
260,ST-414,영등포구,15,
263,ST-417,영등포구,12,
264,ST-418,영등포구,15,
265,ST-419,영등포구,11,
266,ST-420,영등포구,10,
267,ST-421,영등포구,10,
268,ST-422,영등포구,6,
270,ST-424,영등포구,10,
271,ST-425,영등포구,10,
272,ST-426,영등포구,20,
275,ST-1320,영등포구,10,
276,ST-1321,영등포구,10,
278,ST-1323,영등포구,10,
279,ST-1353,영등포구,15,
280,ST-1539,영등포구,10,
281,ST-1540,영등포구,8,
282,ST-1541,영등포구,10,
283,ST-1649,영등포구,15,
284,ST-1650,영등포구,16,
285,ST-1651,영등포구,14,
286,ST-1652,영등포구,12,
287,ST-1653,영등포구,10,
288,ST-1677,영등포구,10,
289,ST-1697,영등포구,10,
290,ST-1698,영등포구,12,
291,ST-1699,영등포구,14,
292,ST-1700,영등포구,10,
293,ST-1701,영등포구,15,
295,ST-1967,영등포구,10,
296,ST-1968,영등포구,20,
297,ST-1969,영등포구,10,
298,ST-1970,영등포구,25,
299,ST-1971,영등포구,10,
300,ST-116,중구,6,
301,ST-117,종로구,20,
302,ST-118,종로구,12,
303,ST-119,종로구,8,
305,ST-121,종로구,16,
307,ST-123,종로구,11,
308,ST-124,종로구,31,
309,ST-125,종로구,13,
310,ST-126,중구,8,
314,ST-130,종로구,10,
316,ST-132,종로구,8,
318,ST-134,중구,10,
320,ST-136,중구,17,
321,ST-137,중구,15,
322,ST-138,중구,10,
324,ST-140,중구,8,
326,ST-142,종로구,15,
327,ST-143,종로구,10,
328,ST-144,종로구,11,
329,ST-145,종로구,8,
331,ST-147,중구,10,
332,ST-148,중구,5,
334,ST-150,종로구,10,
335,ST-151,종로구,10,
336,ST-152,중구,8,
337,ST-153,종로구,5,
338,ST-154,종로구,18,
339,ST-155,종로구,10,
340,ST-156,종로구,8,
341,ST-157,종로구,8,
342,ST-158,종로구,22,
343,ST-159,종로구,6,
344,ST-160,종로구,10,
345,ST-161,종로구,18,
346,ST-162,중구,10,
347,ST-163,중구,18,
348,ST-183,종로구,14,
349,ST-165,종로구,5,
351,ST-167,종로구,5,
352,ST-168,종로구,10,
353,ST-169,종로구,8,
354,ST-170,종로구,10,
355,ST-171,종로구,15,
356,ST-172,종로구,15,
358,ST-173,종로구,13,
359,ST-174,종로구,8,
361,ST-175,종로구,10,
362,ST-176,종로구,10,
363,ST-177,종로구,13,
364,ST-178,종로구,8,
367,ST-180,종로구,13,
368,ST-181,종로구,15,
370,ST-185,중구,24,
371,ST-186,중구,10,
372,ST-187,중구,10,
374,ST-189,중구,12,
379,ST-194,중구,7,
380,ST-195,중구,8,
381,ST-196,중구,15,
382,ST-197,중구,7,
383,ST-198,중구,22,
384,ST-199,중구,10,
385,ST-336,종로구,10,
387,ST-338,중구,10,
388,ST-444,종로구,10,
389,ST-943,중구,10,
390,ST-944,중구,12,
391,ST-977,중구,8,
393,ST-1372,종로구,12,
394,ST-1373,종로구,15,
395,ST-1374,종로구,8,
397,ST-1432,종로구,13,
398,ST-1435,중구,8,
399,ST-1436,중구,15,
400,ST-110,마포구,14,
401,ST-76,마포구,13,
402,ST-77,마포구,20,
403,ST-78,마포구,20,
405,ST-80,마포구,8,
406,ST-81,마포구,15,
407,ST-83,마포구,8,
408,ST-84,마포구,14,
409,ST-86,마포구,30,
410,ST-88,마포구,10,
411,ST-90,마포구,10,
412,ST-91,마포구,21,
413,ST-92,마포구,10,
414,ST-94,마포구,8,
415,ST-95,마포구,10,
416,ST-96,마포구,12,
417,ST-93,마포구,20,
418,ST-89,마포구,20,
419,ST-87,마포구,21,
420,ST-85,마포구,37,
421,ST-82,마포구,8,
422,ST-968,마포구,9,
424,ST-990,마포구,15,
425,ST-991,마포구,10,
426,ST-992,마포구,10,
427,ST-1397,마포구,10,
428,ST-1437,중구,10,
429,ST-1438,중구,8,
430,ST-1439,중구,6,
431,ST-1440,중구,25,
432,ST-1494,마포구,10,
433,ST-1668,중구,12,
434,ST-1669,중구,10,
435,ST-1670,중구,10,
436,ST-1675,마포구,10,
437,ST-1691,마포구,12,
438,ST-1692,마포구,15,
440,ST-1754,마포구,15,
441,ST-1761,중구,15,
442,ST-1768,중구,13,
443,ST-1769,중구,9,
445,ST-1771,중구,15,
446,ST-938,종로구,13,
447,ST-939,종로구,6,
449,ST-941,종로구,10,
450,ST-978,종로구,51,
451,ST-979,종로구,8,
452,ST-1605,종로구,13,
453,ST-1606,종로구,10,
454,ST-1607,종로구,13,
455,ST-1608,종로구,8,
456,ST-1609,종로구,10,
457,ST-1610,종로구,10,
458,ST-1611,종로구,21,
461,ST-1619,종로구,10,
464,ST-1756,종로구,10,
465,ST-1759,종로구,5,
466,ST-1772,중구,13,
467,ST-1773,중구,11,
468,ST-1774,중구,8,
469,ST-1775,중구,11,
470,ST-1776,중구,13,
471,ST-1777,중구,10,
472,ST-1778,중구,12,
473,ST-1779,중구,20,
474,ST-1780,중구,40,
475,ST-1781,중구,21,
476,ST-1782,중구,10,
477,ST-1783,중구,10,
479,ST-1785,중구,8,
480,ST-1786,중구,8,
483,ST-1789,중구,12,
485,ST-1791,중구,10,
486,ST-2019,종로구,5,
488,ST-2147,마포구,10,
489,ST-2148,마포구,10,
490,ST-2149,마포구,23,
491,ST-2150,마포구,10,
493,ST-2152,마포구,7,
494,ST-2153,마포구,5,
495,ST-2154,마포구,10,
497,ST-2156,마포구,25,
498,ST-2157,마포구,10,
500,ST-97,광진구,7,
501,ST-98,광진구,30,
502,ST-99,광진구,33,
505,ST-102,광진구,12,
506,ST-103,성동구,7,
508,ST-105,성동구,10,
510,ST-107,성동구,15,
511,ST-108,성동구,16,
512,ST-109,성동구,15,
513,ST-111,성동구,13,
514,ST-112,성동구,12,
515,ST-113,광진구,15,
516,ST-114,광진구,10,
518,ST-234,성동구,20,
519,ST-235,성동구,20,
520,ST-236,성동구,7,
521,ST-237,성동구,14,
522,ST-238,성동구,9,
523,ST-239,성동구,7,
524,ST-240,성동구,10,
525,ST-241,성동구,20,
526,ST-242,성동구,10,
529,ST-243,성동구,8,
530,ST-244,성동구,9,
533,ST-245,성동구,7,
534,ST-246,성동구,10,
535,ST-247,성동구,11,
536,ST-248,성동구,8,
537,ST-249,성동구,10,
539,ST-252,광진구,10,
540,ST-253,광진구,8,
542,ST-254,광진구,19,
543,ST-255,광진구,20,
544,ST-256,광진구,20,
546,ST-257,광진구,8,
548,ST-258,광진구,20,
549,ST-259,광진구,10,
550,ST-1747,성동구,20,
551,ST-377,광진구,13,
552,ST-378,광진구,9,
553,ST-379,광진구,19,
555,ST-381,광진구,9,
556,ST-357,성동구,14,
557,ST-358,성동구,10,
558,ST-359,성동구,20,
559,ST-360,성동구,13,
560,ST-361,성동구,8,
561,ST-362,성동구,10,
563,ST-364,성동구,10,
564,ST-365,성동구,10,
565,ST-366,성동구,19,
568,ST-369,성동구,14,
569,ST-370,성동구,10,
571,ST-382,광진구,20,
573,ST-384,광진구,10,
574,ST-385,광진구,45,
575,ST-386,광진구,10,
576,ST-387,광진구,10,
577,ST-388,광진구,10,
578,ST-371,성동구,8,
579,ST-372,성동구,8,
582,ST-375,성동구,10,
583,ST-376,성동구,20,
584,ST-445,광진구,20,
585,ST-446,성동구,9,
586,ST-447,성동구,10,
587,ST-482,성동구,10,
588,ST-483,광진구,20,
589,ST-506,성동구,8,
590,ST-972,광진구,20,
591,ST-973,광진구,5,
592,ST-974,광진구,30,
593,ST-980,광진구,8,
594,ST-967,성동구,15,
600,ST-260,동대문구,10,
602,ST-262,동대문구,10,
605,ST-265,동대문구,8,
606,ST-266,동대문구,15,
607,ST-267,동대문구,15,
608,ST-268,동대문구,10,
609,ST-269,동대문구,30,
610,ST-270,동대문구,10,
612,ST-271,동대문구,20,
613,ST-272,동대문구,8,
614,ST-273,동대문구,23,
615,ST-274,동대문구,25,
616,ST-275,동대문구,10,
617,ST-276,동대문구,20,
621,ST-389,동대문구,8,
622,ST-390,동대문구,15,
623,ST-391,동대문구,25,
624,ST-392,동대문구,10,
626,ST-394,동대문구,17,
627,ST-395,동대문구,10,
628,ST-396,동대문구,15,
630,ST-397,동대문구,15,
631,ST-398,동대문구,15,
633,ST-400,동대문구,8,
634,ST-401,동대문구,24,
635,ST-402,동대문구,12,
636,ST-403,동대문구,9,
637,ST-404,동대문구,10,
638,ST-405,동대문구,10,
639,ST-406,동대문구,14,
640,ST-407,동대문구,6,
641,ST-408,동대문구,10,
642,ST-409,동대문구,9,
643,ST-410,동대문구,10,
648,ST-1300,동대문구,15,
650,ST-1302,동대문구,20,
652,ST-1447,동대문구,10,
654,ST-1449,동대문구,10,
656,ST-1628,동대문구,10,
657,ST-1629,동대문구,13,
661,ST-1625,동대문구,15,
663,ST-1671,동대문구,10,
664,ST-1758,동대문구,10,
665,ST-2265,동대문구,11,
666,ST-2266,동대문구,20,
667,ST-2267,동대문구,7,
669,ST-2269,동대문구,10,
670,ST-2270,동대문구,9,
671,ST-2271,동대문구,10,
672,ST-2272,동대문구,17,
673,ST-2273,동대문구,10,
674,ST-2274,동대문구,15,
676,ST-2276,동대문구,9,
678,ST-2278,동대문구,21,
679,ST-2279,동대문구,10,
680,ST-2280,동대문구,22,
681,ST-2281,동대문구,14,
700,ST-308,양천구,20,
701,ST-309,양천구,8,
702,ST-310,양천구,19,
703,ST-311,양천구,12,
704,ST-312,양천구,14,
706,ST-313,양천구,15,
708,ST-315,양천구,16,
709,ST-316,양천구,20,
710,ST-317,양천구,10,
711,ST-318,양천구,20,
712,ST-319,양천구,14,
713,ST-320,양천구,20,
714,ST-321,양천구,10,
716,ST-428,양천구,23,
719,ST-431,양천구,10,
720,ST-432,양천구,10,
722,ST-993,양천구,10,
723,ST-994,양천구,15,
724,ST-995,양천구,10,
725,ST-996,양천구,15,
726,ST-997,양천구,18,
729,ST-1000,양천구,10,
731,ST-1002,양천구,10,
733,ST-1004,양천구,10,
734,ST-1005,양천구,10,
735,ST-1006,양천구,10,
736,ST-1007,양천구,10,
737,ST-1008,양천구,10,
739,ST-1010,양천구,15,
740,ST-1011,양천구,10,
741,ST-1012,양천구,10,
742,ST-1013,양천구,10,
743,ST-1014,양천구,10,
744,ST-1015,양천구,40,
745,ST-1016,양천구,10,
746,ST-1017,양천구,10,
747,ST-1018,양천구,10,
748,ST-1019,양천구,15,
749,ST-1350,양천구,10,
750,ST-1398,양천구,10,
752,ST-1400,양천구,10,
754,ST-1495,양천구,10,
755,ST-1496,양천구,10,
756,ST-1497,양천구,15,
757,ST-1498,양천구,10,
758,ST-1499,양천구,13,
759,ST-1500,양천구,10,
760,ST-1501,양천구,10,
762,ST-1503,양천구,10,
763,ST-1504,양천구,10,
764,ST-1505,양천구,30,
765,ST-1731,양천구,12,
766,ST-1736,양천구,15,
767,ST-1993,양천구,10,
768,ST-1994,양천구,15,
769,ST-1995,양천구,20,
770,ST-1996,양천구,15,
771,ST-1997,양천구,8,
773,ST-1999,양천구,10,
774,ST-2000,양천구,11,
775,ST-2001,양천구,10,
776,ST-2002,양천구,15,
777,ST-2003,양천구,10,
779,ST-2005,양천구,20,
780,ST-2006,양천구,15,
781,ST-2007,양천구,15,
782,ST-2008,양천구,20,
785,ST-2011,양천구,24,
786,ST-2012,양천구,9,
787,ST-2013,양천구,14,
788,ST-2014,양천구,15,
790,ST-2015,양천구,30,
791,ST-2016,양천구,15,
792,ST-2017,양천구,20,
793,ST-2039,양천구,15,
794,ST-2395,양천구,10,
795,ST-2396,양천구,22,
796,ST-2397,양천구,10,
797,ST-2398,양천구,10,
800,ST-322,용산구,15,
802,ST-324,용산구,9,
805,ST-326,용산구,9,
806,ST-327,용산구,20,
807,ST-328,용산구,10,
808,ST-329,용산구,10,
809,ST-330,용산구,10,
810,ST-331,용산구,10,
811,ST-332,용산구,20,
813,ST-334,용산구,20,
815,ST-335,용산구,30,
816,ST-435,용산구,25,
817,ST-436,용산구,9,
818,ST-437,용산구,12,
819,ST-438,용산구,12,
820,ST-439,용산구,10,
822,ST-440,용산구,10,
823,ST-441,용산구,10,
825,ST-442,용산구,15,
826,ST-946,중구,20,
827,ST-1324,용산구,14,
828,ST-1325,용산구,7,
829,ST-1326,용산구,40,
830,ST-1327,용산구,10,
832,ST-1339,용산구,20,
834,ST-1341,용산구,15,
835,ST-1342,용산구,10,
836,ST-1343,용산구,15,
837,ST-1344,용산구,10,
838,ST-1376,용산구,8,
839,ST-1441,용산구,10,
840,ST-1442,용산구,10,
841,ST-1443,용산구,30,
843,ST-1445,용산구,19,
844,ST-1446,용산구,15,
845,ST-1615,용산구,16,
846,ST-1721,용산구,15,
848,ST-2172,용산구,10,
849,ST-2173,용산구,20,
850,ST-2174,용산구,15,
851,ST-2175,용산구,10,
852,ST-2176,용산구,30,
853,ST-2177,용산구,19,
854,ST-2178,용산구,10,
855,ST-2179,용산구,10,
857,ST-2181,용산구,10,
858,ST-2182,용산구,10,
859,ST-2183,용산구,10,
860,ST-2184,용산구,22,
863,ST-2187,용산구,10,
864,ST-2188,용산구,10,
866,ST-2190,용산구,10,
867,ST-2191,용산구,10,
869,ST-2239,용산구,10,
870,ST-2240,용산구,10,
900,ST-448,은평구,20,
902,ST-450,은평구,10,
903,ST-451,은평구,20,
904,ST-452,은평구,18,
905,ST-453,은평구,10,
906,ST-454,은평구,10,
907,ST-455,은평구,10,
908,ST-456,은평구,10,
909,ST-457,은평구,10,
911,ST-459,은평구,10,
912,ST-460,은평구,20,
913,ST-461,은평구,15,
914,ST-462,은평구,20,
915,ST-463,은평구,10,
916,ST-464,은평구,13,
917,ST-465,은평구,10,
919,ST-467,은평구,10,
921,ST-469,은평구,8,
922,ST-470,은평구,10,
923,ST-471,은평구,10,
925,ST-473,은평구,8,
927,ST-475,은평구,10,
928,ST-476,은평구,15,
930,ST-478,은평구,7,
931,ST-479,은평구,19,
932,ST-480,은평구,20,
933,ST-481,은평구,15,
937,ST-1023,은평구,10,
938,ST-1024,은평구,10,
939,ST-1025,은평구,15,
941,ST-1027,은평구,13,
942,ST-1028,은평구,9,
943,ST-1029,은평구,10,
945,ST-1031,은평구,10,
946,ST-1032,은평구,16,
947,ST-1033,은평구,10,
948,ST-1034,은평구,10,
949,ST-1035,은평구,6,
950,ST-1036,은평구,10,
952,ST-1038,은평구,10,
953,ST-1039,은평구,10,
954,ST-1329,은평구,10,
956,ST-1331,은평구,9,
958,ST-1479,은평구,13,
959,ST-1480,은평구,10,
960,ST-1481,은평구,15,
962,ST-1483,은평구,10,
963,ST-1484,은평구,13,
964,ST-1485,은평구,10,
965,ST-1486,은평구,10,
966,ST-1487,은평구,10,
967,ST-1488,은평구,13,
968,ST-1489,은평구,7,
969,ST-1490,은평구,9,
971,ST-1674,은평구,20,
973,ST-2241,은평구,10,
974,ST-2242,은평구,10,
975,ST-2243,은평구,10,
976,ST-2244,은평구,10,
977,ST-2245,은평구,10,
978,ST-2246,은평구,10,
979,ST-2247,은평구,10,
982,ST-2250,은평구,10,
984,ST-2252,은평구,9,
985,ST-2253,은평구,10,
989,ST-2257,은평구,10,
991,ST-2259,은평구,10,
992,ST-2260,은평구,10,
993,ST-2261,은평구,15,
994,ST-2262,은평구,10,
995,ST-2263,은평구,10,
996,ST-2264,은평구,10,
1001,ST-485,강동구,15,
1002,ST-486,강동구,10,
1003,ST-487,강동구,20,
1004,ST-488,강동구,10,
1006,ST-490,강동구,10,
1007,ST-491,강동구,14,
1008,ST-492,강동구,9,
1009,ST-493,강동구,20,
1010,ST-494,강동구,20,
1011,ST-495,강동구,20,
1012,ST-496,강동구,15,
1013,ST-497,강동구,15,
1015,ST-499,강동구,13,
1016,ST-500,강동구,10,
1017,ST-501,강동구,20,
1018,ST-830,강동구,15,
1019,ST-502,강동구,10,
1020,ST-503,강동구,15,
1021,ST-504,강동구,15,
1022,ST-505,강동구,20,
1023,ST-1040,강동구,22,
1024,ST-1041,강동구,10,
1025,ST-1042,강동구,10,
1026,ST-1043,강동구,14,
1027,ST-1044,강동구,20,
1028,ST-1045,강동구,10,
1029,ST-1046,강동구,7,
1030,ST-1047,강동구,15,
1031,ST-1048,강동구,15,
1032,ST-1049,강동구,20,
1033,ST-1050,강동구,17,
1034,ST-1051,강동구,10,
1035,ST-1052,강동구,25,
1036,ST-1053,강동구,10,
1037,ST-1054,강동구,10,
1038,ST-1055,강동구,10,
1039,ST-1056,강동구,7,
1041,ST-1058,강동구,10,
1042,ST-1059,강동구,10,
1044,ST-1061,강동구,15,
1048,ST-1370,강동구,13,
1049,ST-1371,강동구,10,
1050,ST-1420,강동구,15,
1051,ST-1421,강동구,15,
1053,ST-1594,강동구,11,
1056,ST-1597,강동구,10,
1057,ST-1598,강동구,15,
1058,ST-1623,강동구,12,
1059,ST-1626,강동구,15,
1060,ST-1620,강동구,6,
1061,ST-1621,강동구,8,
1063,ST-1762,강동구,10,
1064,ST-1763,강동구,10,
1065,ST-1764,강동구,10,
1066,ST-1765,강동구,10,
1067,ST-1766,강동구,10,
1068,ST-1767,강동구,10,
1070,ST-1831,강동구,10,
1072,ST-1833,강동구,22,
1073,ST-1834,강동구,7,
1074,ST-1835,강동구,15,
1075,ST-1836,강동구,10,
1076,ST-1837,강동구,10,
1077,ST-1838,강동구,15,
1078,ST-1839,강동구,25,
1079,ST-1840,강동구,10,
1080,ST-1841,강동구,10,
1081,ST-1842,강동구,20,
1083,ST-1844,강동구,15,
1084,ST-1687,강동구,20,
1085,ST-1845,강동구,20,
1086,ST-1846,강동구,10,
1088,ST-1848,강동구,12,
1089,ST-1849,강동구,10,
1090,ST-1850,강동구,17,
1101,ST-507,강서구,10,
1102,ST-508,강서구,10,
1103,ST-831,강서구,10,
1105,ST-509,강서구,10,
1106,ST-824,강서구,10,
1108,ST-510,강서구,8,
1109,ST-511,강서구,6,
1110,ST-828,강서구,15,
1111,ST-512,강서구,20,
1112,ST-513,강서구,15,
1113,ST-514,강서구,15,
1117,ST-834,강서구,10,
1118,ST-516,강서구,10,
1119,ST-517,강서구,6,
1120,ST-518,강서구,25,
1121,ST-519,강서구,15,
1124,ST-522,강서구,6,
1126,ST-523,강서구,7,
1127,ST-524,강서구,10,
1128,ST-829,강서구,10,
1129,ST-525,강서구,7,
1130,ST-526,강서구,7,
1132,ST-528,강서구,10,
1135,ST-530,강서구,16,
1136,ST-531,강서구,8,
1137,ST-532,강서구,10,
1139,ST-533,강서구,8,
1140,ST-534,강서구,17,
1141,ST-535,강서구,20,
1145,ST-536,강서구,10,
1148,ST-538,강서구,10,
1149,ST-975,강서구,13,
1150,ST-1062,강서구,7,
1151,ST-1063,강서구,25,
1152,ST-1064,강서구,30,
1153,ST-1065,강서구,32,
1155,ST-1067,강서구,10,
1157,ST-1069,강서구,8,
1158,ST-1249,강서구,20,
1159,ST-1250,강서구,20,
1160,ST-1251,강서구,20,
1161,ST-1252,강서구,10,
1162,ST-1253,강서구,10,
1163,ST-1254,강서구,10,
1165,ST-1338,강서구,20,
1166,ST-1351,강서구,10,
1167,ST-1352,강서구,15,
1168,ST-1402,강서구,14,
1169,ST-1506,강서구,8,
1170,ST-1507,강서구,11,
1171,ST-1508,강서구,8,
1172,ST-1509,강서구,8,
1173,ST-1510,강서구,15,
1174,ST-1511,강서구,9,
1175,ST-1512,강서구,15,
1177,ST-1514,강서구,15,
1178,ST-1515,강서구,10,
1180,ST-1517,강서구,15,
1181,ST-1518,강서구,10,
1182,ST-1519,강서구,20,
1183,ST-1520,강서구,10,
1184,ST-1645,강서구,26,
1185,ST-1646,강서구,20,
1186,ST-1647,강서구,15,
1187,ST-1676,강서구,15,
1188,ST-1708,강서구,8,
1190,ST-1709,강서구,14,
1191,ST-1689,강서구,13,
1192,ST-1710,강서구,20,
1193,ST-1688,강서구,51,
1195,ST-1712,강서구,24,
1196,ST-1713,강서구,11,
1197,ST-1714,강서구,20,
1198,ST-1715,강서구,31,
1199,ST-1694,강서구,13,
1200,ST-1695,강서구,10,
1201,ST-838,송파구,15,
1203,ST-737,송파구,20,
1204,ST-930,송파구,10,
1205,ST-539,송파구,15,
1206,ST-540,송파구,20,
1207,ST-738,송파구,10,
1208,ST-541,송파구,25,
1209,ST-542,송파구,20,
1210,ST-891,송파구,30,
1212,ST-839,송파구,10,
1213,ST-543,송파구,12,
1214,ST-740,송파구,10,
1215,ST-544,송파구,15,
1217,ST-545,송파구,15,
1218,ST-892,송파구,12,
1220,ST-546,송파구,15,
1221,ST-933,송파구,10,
1222,ST-547,송파구,23,
1224,ST-548,송파구,15,
1226,ST-894,송파구,10,
1227,ST-895,송파구,10,
1228,ST-896,송파구,10,
1229,ST-549,송파구,15,
1230,ST-897,송파구,10,
1231,ST-840,송파구,13,
1232,ST-550,송파구,10,
1233,ST-551,송파구,9,
1235,ST-553,송파구,14,
1239,ST-899,송파구,13,
1240,ST-900,송파구,10,
1241,ST-901,송파구,10,
1242,ST-902,송파구,10,
1243,ST-903,송파구,29,
1244,ST-904,송파구,11,
1245,ST-905,송파구,10,
1246,ST-906,송파구,30,
1247,ST-907,송파구,15,
1248,ST-908,송파구,25,
1250,ST-981,송파구,10,
1251,ST-1070,송파구,10,
1253,ST-1072,송파구,10,
1256,ST-1075,송파구,8,
1258,ST-1077,송파구,10,
1259,ST-1078,송파구,20,
1260,ST-1079,송파구,8,
1262,ST-1081,송파구,10,
1263,ST-1082,송파구,10,
1264,ST-1083,송파구,8,
1265,ST-1084,송파구,10,
1266,ST-1085,송파구,10,
1267,ST-1086,송파구,14,
1268,ST-1087,송파구,15,
1269,ST-1088,송파구,10,
1271,ST-1089,송파구,15,
1274,ST-1092,송파구,20,
1275,ST-1367,송파구,15,
1277,ST-1408,송파구,15,
1278,ST-1409,송파구,16,
1279,ST-1410,송파구,10,
1280,ST-1411,송파구,13,
1282,ST-1413,송파구,10,
1283,ST-1414,송파구,8,
1285,ST-1416,송파구,10,
1286,ST-1417,송파구,10,
1287,ST-1418,송파구,8,
1288,ST-1419,송파구,15,
1289,ST-1422,송파구,10,
1290,ST-1579,송파구,10,
1291,ST-1580,송파구,10,
1293,ST-1582,송파구,14,
1295,ST-1584,송파구,25,
1296,ST-1585,송파구,10,
1297,ST-1586,송파구,15,
1299,ST-1588,송파구,15,
1300,ST-1589,송파구,15,
1302,ST-825,성북구,5,
1303,ST-931,성북구,10,
1304,ST-826,성북구,10,
1305,ST-947,성북구,15,
1306,ST-842,성북구,10,
1308,ST-827,성북구,16,
1314,ST-559,성북구,8,
1315,ST-560,성북구,10,
1316,ST-562,성북구,10,
1318,ST-563,성북구,14,
1319,ST-564,성북구,10,
1321,ST-655,성북구,14,
1322,ST-565,성북구,10,
1325,ST-571,성북구,10,
1326,ST-572,성북구,10,
1327,ST-574,성북구,10,
1328,ST-910,성북구,10,
1332,ST-578,성북구,10,
1333,ST-579,성북구,20,
1334,ST-580,성북구,10,
1336,ST-1200,성북구,30,
1337,ST-1201,성북구,13,
1338,ST-1202,성북구,15,
1339,ST-1203,성북구,9,
1340,ST-1204,성북구,11,
1342,ST-1206,성북구,10,
1343,ST-1207,성북구,8,
1344,ST-1208,성북구,10,
1346,ST-1210,성북구,15,
1347,ST-1211,성북구,10,
1348,ST-1212,성북구,12,
1349,ST-2460,성북구,10,
1351,ST-1215,성북구,8,
1352,ST-1216,성북구,8,
1353,ST-1217,성북구,8,
1354,ST-1317,성북구,22,
1357,ST-1383,성북구,10,
1358,ST-1384,성북구,7,
1360,ST-1386,성북구,10,
1361,ST-1424,성북구,20,
1362,ST-1454,성북구,12,
1363,ST-1455,성북구,25,
1364,ST-1456,성북구,10,
1365,ST-1457,성북구,10,
1366,ST-1458,성북구,10,
1367,ST-1459,성북구,10,
1368,ST-1460,성북구,10,
1370,ST-1634,성북구,10,
1372,ST-1636,성북구,20,
1373,ST-1637,성북구,8,
1375,ST-1723,성북구,20,
1376,ST-1745,성북구,7,
1377,ST-1746,성북구,10,
1379,ST-2221,성북구,10,
1380,ST-2222,성북구,10,
1381,ST-2223,성북구,18,
1382,ST-2406,성북구,10,
1384,ST-2225,성북구,13,
1385,ST-2226,성북구,10,
1386,ST-2227,성북구,10,
1388,ST-2229,성북구,10,
1390,ST-2231,성북구,10,
1391,ST-2232,성북구,10,
1392,ST-2233,성북구,10,
1393,ST-2234,성북구,10,
1394,ST-2235,성북구,10,
1395,ST-2236,성북구,20,
1396,ST-2237,성북구,30,
1401,ST-558,중랑구,15,
1402,ST-561,중랑구,10,
1403,ST-566,중랑구,15,
1404,ST-599,중랑구,10,
1405,ST-568,중랑구,10,
1407,ST-847,중랑구,10,
1408,ST-570,중랑구,10,
1410,ST-573,중랑구,10,
1411,ST-912,중랑구,10,
1414,ST-849,중랑구,10,
1416,ST-850,중랑구,8,
1418,ST-583,중랑구,10,
1420,ST-585,중랑구,15,
1421,ST-586,중랑구,13,
1422,ST-587,중랑구,10,
1424,ST-588,중랑구,10,
1425,ST-589,중랑구,10,
1426,ST-590,중랑구,10,
1427,ST-852,중랑구,10,
1428,ST-853,중랑구,10,
1429,ST-854,중랑구,15,
1430,ST-855,중랑구,20,
1431,ST-856,중랑구,10,
1433,ST-857,중랑구,10,
1435,ST-593,중랑구,10,
1436,ST-594,중랑구,15,
1437,ST-595,중랑구,15,
1438,ST-596,중랑구,15,
1440,ST-942,중랑구,10,
1441,ST-584,중랑구,10,
1442,ST-1093,중랑구,8,
1444,ST-1095,중랑구,10,
1445,ST-1096,중랑구,10,
1446,ST-1097,중랑구,10,
1447,ST-1098,중랑구,15,
1448,ST-1099,중랑구,15,
1449,ST-1332,중랑구,15,
1450,ST-1333,중랑구,10,
1451,ST-1334,중랑구,10,
1452,ST-1335,중랑구,25,
1453,ST-1345,중랑구,9,
1454,ST-1346,중랑구,10,
1455,ST-1375,중랑구,10,
1456,ST-1380,중랑구,10,
1457,ST-1381,중랑구,10,
1458,ST-1451,중랑구,9,
1459,ST-1452,중랑구,10,
1461,ST-2282,중랑구,12,
1462,ST-2283,중랑구,9,
1463,ST-2284,중랑구,10,
1464,ST-2285,중랑구,15,
1466,ST-2287,중랑구,10,
1467,ST-2288,중랑구,10,
1468,ST-2289,중랑구,6,
1469,ST-2290,중랑구,20,
1470,ST-2291,중랑구,20,
1471,ST-2292,중랑구,10,
1472,ST-2293,중랑구,8,
1473,ST-2294,중랑구,10,
1474,ST-2295,중랑구,10,
1477,ST-2298,중랑구,10,
1478,ST-2299,중랑구,15,
1479,ST-2300,중랑구,10,
1480,ST-2301,중랑구,15,
1501,ST-948,강북구,9,
1503,ST-643,강북구,14,
1504,ST-644,강북구,10,
1506,ST-645,강북구,15,
1509,ST-859,강북구,10,
1510,ST-860,강북구,10,
1512,ST-862,강북구,20,
1514,ST-646,강북구,10,
1515,ST-648,강북구,10,
1516,ST-652,강북구,10,
1518,ST-654,강북구,10,
1519,ST-651,강북구,10,
1520,ST-650,강북구,7,
1525,ST-647,강북구,10,
1526,ST-1100,강북구,8,
1527,ST-1101,강북구,10,
1528,ST-1102,강북구,10,
1529,ST-1103,강북구,15,
1530,ST-1104,강북구,13,
1531,ST-1105,강북구,10,
1532,ST-1106,강북구,10,
1533,ST-1107,강북구,10,
1535,ST-1109,강북구,10,
1536,ST-1110,강북구,20,
1537,ST-1387,강북구,10,
1538,ST-1388,강북구,8,
1539,ST-1389,강북구,10,
1540,ST-1390,강북구,8,
1541,ST-1391,강북구,10,
1542,ST-1392,강북구,10,
1543,ST-1423,강북구,10,
1546,ST-1665,강북구,10,
1547,ST-1724,강북구,10,
1548,ST-1725,강북구,15,
1550,ST-2123,강북구,10,
1551,ST-2124,강북구,8,
1552,ST-2125,강북구,8,
1553,ST-2126,강북구,15,
1554,ST-2127,강북구,10,
1557,ST-2129,강북구,10,
1558,ST-2130,강북구,10,
1560,ST-2132,강북구,10,
1564,ST-2133,강북구,7,
1565,ST-2134,강북구,15,
1568,ST-2136,강북구,10,
1569,ST-2137,강북구,10,
1571,ST-2401,강북구,10,
1572,ST-2402,강북구,10,
1573,ST-2403,강북구,10,
1574,ST-2405,강북구,8,
1601,ST-600,노원구,10,
1602,ST-913,노원구,13,
1605,ST-866,노원구,10,
1606,ST-602,노원구,10,
1608,ST-735,노원구,10,
1610,ST-603,노원구,20,
1611,ST-604,노원구,20,
1616,ST-605,노원구,10,
1617,ST-606,노원구,20,
1619,ST-736,노원구,10,
1620,ST-867,노원구,10,
1625,ST-914,노원구,20,
1627,ST-915,노원구,12,
1628,ST-868,노원구,5,
1630,ST-869,노원구,10,
1634,ST-608,노원구,15,
1635,ST-609,노원구,6,
1636,ST-610,노원구,10,
1637,ST-611,노원구,9,
1639,ST-612,노원구,10,
1640,ST-971,노원구,9,
1641,ST-970,노원구,15,
1642,ST-964,노원구,7,
1643,ST-1111,노원구,10,
1646,ST-1114,노원구,10,
1650,ST-1118,노원구,25,
1651,ST-1119,노원구,20,
1652,ST-1120,노원구,10,
1653,ST-1121,노원구,10,
1654,ST-1122,노원구,15,
1655,ST-1123,노원구,15,
1656,ST-1124,노원구,12,
1657,ST-1125,노원구,20,
1659,ST-1127,노원구,10,
1660,ST-1128,노원구,8,
1661,ST-1278,노원구,10,
1662,ST-1279,노원구,20,
1663,ST-1280,노원구,25,
1664,ST-1281,노원구,10,
1665,ST-1282,노원구,10,
1666,ST-1283,노원구,10,
1667,ST-1284,노원구,10,
1668,ST-1285,노원구,10,
1669,ST-1286,노원구,9,
1670,ST-1287,노원구,20,
1671,ST-1288,노원구,15,
1672,ST-1289,노원구,15,
1674,ST-1291,노원구,15,
1675,ST-1348,노원구,9,
1677,ST-1349,노원구,15,
1679,ST-1395,노원구,10,
1680,ST-1396,노원구,7,
1681,ST-1425,노원구,12,
1682,ST-1426,노원구,13,
1683,ST-1473,노원구,5,
1684,ST-1474,노원구,20,
1685,ST-1475,노원구,8,
1686,ST-1476,노원구,15,
1688,ST-1639,노원구,9,
1689,ST-1640,노원구,10,
1690,ST-1641,노원구,10,
1691,ST-1642,노원구,10,
1692,ST-1672,노원구,10,
1693,ST-1740,노원구,10,
1696,ST-2062,노원구,10,
1697,ST-2063,노원구,10,
1702,ST-613,도봉구,10,
1703,ST-657,도봉구,10,
1705,ST-614,도봉구,8,
1706,ST-916,도봉구,10,
1707,ST-615,도봉구,20,
1708,ST-658,도봉구,7,
1709,ST-616,도봉구,17,
1713,ST-1129,도봉구,10,
1714,ST-1130,도봉구,10,
1715,ST-1131,도봉구,20,
1716,ST-1132,도봉구,10,
1719,ST-1135,도봉구,10,
1720,ST-1136,도봉구,27,
1722,ST-1292,도봉구,15,
1723,ST-1293,도봉구,10,
1725,ST-1295,도봉구,10,
1726,ST-1296,도봉구,8,
1727,ST-1297,도봉구,15,
1728,ST-1434,도봉구,10,
1729,ST-1461,도봉구,10,
1730,ST-1462,도봉구,8,
1731,ST-1463,도봉구,10,
1732,ST-1464,도봉구,10,
1733,ST-1465,도봉구,12,
1734,ST-1466,도봉구,10,
1735,ST-1467,도봉구,13,
1736,ST-1468,도봉구,12,
1737,ST-1469,도봉구,10,
1738,ST-1470,도봉구,10,
1741,ST-1638,도봉구,20,
1742,ST-1726,도봉구,10,
1743,ST-2088,도봉구,10,
1744,ST-2089,도봉구,15,
1749,ST-2094,도봉구,10,
1750,ST-2095,도봉구,12,
1751,ST-2096,도봉구,15,
1752,ST-2097,도봉구,6,
1754,ST-2099,도봉구,11,
1756,ST-2101,도봉구,10,
1757,ST-2102,도봉구,10,
1758,ST-2103,도봉구,10,
1759,ST-2104,도봉구,10,
1761,ST-2106,도봉구,10,
1762,ST-2107,도봉구,25,
1765,ST-2110,도봉구,13,
1767,ST-2112,도봉구,10,
1768,ST-2113,도봉구,8,
1770,ST-2115,도봉구,15,
1771,ST-2116,도봉구,15,
1772,ST-2117,도봉구,10,
1774,ST-2119,도봉구,8,
1775,ST-2120,도봉구,15,
1804,ST-619,금천구,10,
1805,ST-620,금천구,10,
1806,ST-621,금천구,10,
1808,ST-622,금천구,20,
1809,ST-623,금천구,10,
1812,ST-624,금천구,10,
1814,ST-625,금천구,8,
1819,ST-642,금천구,10,
1820,ST-628,금천구,10,
1821,ST-629,금천구,10,
1823,ST-631,금천구,10,
1824,ST-632,금천구,25,
1825,ST-633,금천구,10,
1826,ST-634,금천구,10,
1827,ST-660,금천구,20,
1828,ST-635,금천구,10,
1829,ST-636,금천구,10,
1830,ST-637,금천구,19,
1831,ST-638,금천구,10,
1833,ST-639,금천구,10,
1834,ST-640,금천구,10,
1835,ST-641,금천구,10,
1836,ST-661,금천구,7,
1839,ST-1140,금천구,20,
1840,ST-1141,금천구,20,
1841,ST-1142,금천구,12,
1842,ST-1143,금천구,12,
1843,ST-1144,금천구,10,
1845,ST-1146,금천구,15,
1846,ST-1147,금천구,15,
1847,ST-1148,금천구,10,
1848,ST-1149,금천구,9,
1849,ST-1276,금천구,10,
1850,ST-1277,금천구,10,
1851,ST-1403,금천구,10,
1853,ST-1534,금천구,10,
1854,ST-1535,금천구,10,
1855,ST-1536,금천구,10,
1856,ST-1537,금천구,10,
1857,ST-1538,금천구,10,
1858,ST-1648,금천구,10,
1859,ST-1734,금천구,13,
1861,ST-1932,금천구,10,
1862,ST-1933,금천구,20,
1863,ST-1934,금천구,9,
1864,ST-1935,금천구,15,
1865,ST-1936,금천구,10,
1866,ST-1937,금천구,10,
1867,ST-1938,금천구,30,
1868,ST-1939,금천구,10,
1869,ST-1940,금천구,15,
1870,ST-1941,금천구,8,
1901,ST-662,구로구,10,
1904,ST-663,구로구,10,
1906,ST-664,구로구,20,
1907,ST-665,구로구,12,
1908,ST-666,구로구,12,
1910,ST-667,구로구,5,
1911,ST-668,구로구,18,
1912,ST-669,구로구,13,
1914,ST-918,구로구,10,
1916,ST-671,구로구,10,
1920,ST-673,구로구,14,
1924,ST-674,구로구,10,
1925,ST-919,구로구,20,
1928,ST-675,구로구,10,
1929,ST-676,구로구,10,
1930,ST-677,구로구,7,
1931,ST-920,구로구,10,
1933,ST-678,구로구,16,
1936,ST-870,구로구,10,
1937,ST-679,구로구,15,
1941,ST-871,구로구,10,
1943,ST-872,구로구,10,
1946,ST-873,구로구,10,
1951,ST-874,구로구,15,
1952,ST-875,구로구,20,
1953,ST-876,구로구,20,
1955,ST-936,구로구,10,
1956,ST-1218,구로구,15,
1957,ST-1219,구로구,15,
1958,ST-1220,구로구,15,
1959,ST-1221,구로구,9,
1960,ST-1222,구로구,10,
1962,ST-1224,구로구,15,
1964,ST-1226,구로구,10,
1965,ST-1227,구로구,15,
1966,ST-1228,구로구,10,
1967,ST-1229,구로구,10,
1969,ST-1231,구로구,10,
1971,ST-1233,구로구,10,
1973,ST-1235,구로구,10,
1974,ST-1236,구로구,10,
1975,ST-1237,구로구,10,
1976,ST-1238,구로구,10,
1977,ST-1239,구로구,15,
1979,ST-1241,구로구,10,
1981,ST-1243,구로구,10,
1983,ST-1273,구로구,10,
1985,ST-1275,구로구,20,
1986,ST-1521,구로구,15,
1987,ST-1522,구로구,15,
1988,ST-1523,구로구,20,
1991,ST-1526,구로구,13,
1992,ST-1527,구로구,12,
1993,ST-1528,구로구,10,
1994,ST-1529,구로구,10,
1996,ST-1531,구로구,20,
1998,ST-1696,구로구,23,
1999,ST-1732,구로구,10,
2000,ST-1733,구로구,15,
2002,ST-683,동작구,17,
2003,ST-877,동작구,10,
2007,ST-685,동작구,20,
2008,ST-686,동작구,10,
2009,ST-726,동작구,10,
2012,ST-727,동작구,10,
2013,ST-687,동작구,30,
2015,ST-728,동작구,20,
2016,ST-688,동작구,10,
2020,ST-690,동작구,10,
2024,ST-691,동작구,10,
2025,ST-692,동작구,20,
2026,ST-932,동작구,10,
2027,ST-693,동작구,15,
2032,ST-923,동작구,10,
2033,ST-729,동작구,10,
2034,ST-924,동작구,20,
2036,ST-694,동작구,12,
2037,ST-695,동작구,20,
2038,ST-696,동작구,10,
2040,ST-697,동작구,10,
2041,ST-731,동작구,7,
2048,ST-732,동작구,10,
2050,ST-699,동작구,15,
2054,ST-700,동작구,10,
2056,ST-733,동작구,10,
2057,ST-701,동작구,10,
2058,ST-1150,동작구,14,
2059,ST-1151,동작구,10,
2060,ST-1152,동작구,10,
2062,ST-1154,동작구,10,
2064,ST-1355,동작구,10,
2065,ST-1356,동작구,10,
2066,ST-1542,동작구,10,
2067,ST-1543,동작구,10,
2068,ST-1544,동작구,8,
2069,ST-1667,동작구,7,
2070,ST-1545,동작구,18,
2071,ST-1742,동작구,10,
2077,ST-2350,동작구,10,
2078,ST-2351,동작구,13,
2079,ST-2352,동작구,25,
2080,ST-2353,동작구,15,
2082,ST-2355,동작구,10,
2083,ST-2356,동작구,10,
2084,ST-2357,동작구,15,
2085,ST-2358,동작구,20,
2086,ST-2359,동작구,22,
2088,ST-2361,동작구,10,
2089,ST-2362,동작구,10,
2090,ST-2363,동작구,15,
2091,ST-2364,동작구,15,
2092,ST-2365,동작구,10,
2093,ST-2366,동작구,8,
2094,ST-2367,동작구,20,
2095,ST-2368,동작구,10,
2096,ST-2369,동작구,8,
2102,ST-702,관악구,13,
2103,ST-703,관악구,10,
2104,ST-712,관악구,13,
2105,ST-704,관악구,12,
2106,ST-705,관악구,12,
2108,ST-714,관악구,20,
2109,ST-882,관악구,22,
2110,ST-950,관악구,9,
2111,ST-965,관악구,10,
2112,ST-715,관악구,15,
2113,ST-934,관악구,20,
2115,ST-883,관악구,20,
2116,ST-717,관악구,9,
2119,ST-884,관악구,10,
2122,ST-719,관악구,20,
2127,ST-707,관악구,10,
2128,ST-720,관악구,12,
2129,ST-721,관악구,10,
2130,ST-722,관악구,10,
2135,ST-708,관악구,9,
2136,ST-976,관악구,8,
2137,ST-723,관악구,10,
2139,ST-951,관악구,10,
2140,ST-724,관악구,20,
2143,ST-886,관악구,10,
2144,ST-709,관악구,15,
2145,ST-725,관악구,12,
2148,ST-887,관악구,10,
2156,ST-952,관악구,12,
2159,ST-1156,관악구,10,
2164,ST-1259,관악구,8,
2165,ST-1260,관악구,10,
2167,ST-1262,관악구,12,
2169,ST-1264,관악구,7,
2170,ST-1265,관악구,10,
2171,ST-1337,관악구,17,
2172,ST-1267,관악구,15,
2173,ST-1268,관악구,10,
2174,ST-1269,관악구,10,
2175,ST-1270,관악구,10,
2176,ST-1357,관악구,15,
2178,ST-1547,관악구,20,
2179,ST-1548,관악구,7,
2184,ST-1702,관악구,10,
2185,ST-1757,관악구,10,
2186,ST-2370,관악구,15,
2187,ST-2371,관악구,15,
2189,ST-2373,관악구,15,
2190,ST-2374,관악구,12,
2191,ST-2375,관악구,10,
2195,ST-2379,관악구,15,
2196,ST-2380,관악구,15,
2198,ST-2382,관악구,10,
2199,ST-2383,관악구,8,
2202,ST-742,서초구,20,
2203,ST-925,서초구,10,
2205,ST-743,서초구,15,
2206,ST-744,서초구,20,
2207,ST-926,서초구,9,
2210,ST-745,서초구,10,
2211,ST-927,서초구,10,
2212,ST-746,서초구,14,
2213,ST-747,서초구,20,
2214,ST-748,서초구,15,
2215,ST-928,서초구,10,
2217,ST-749,서초구,20,
2219,ST-750,서초구,20,
2221,ST-752,서초구,15,
2222,ST-753,서초구,10,
2223,ST-754,서초구,15,
2225,ST-755,서초구,10,
2226,ST-756,서초구,10,
2227,ST-757,서초구,15,
2228,ST-758,서초구,15,
2229,ST-759,서초구,10,
2230,ST-760,서초구,20,
2231,ST-761,서초구,17,
2233,ST-762,서초구,13,
2235,ST-763,서초구,10,
2237,ST-764,서초구,20,
2239,ST-765,서초구,10,
2241,ST-766,서초구,6,
2242,ST-767,서초구,20,
2243,ST-768,서초구,15,
2244,ST-769,서초구,20,
2245,ST-770,서초구,20,
2246,ST-889,서초구,10,
2247,ST-771,서초구,30,
2248,ST-929,서초구,10,
2249,ST-880,서초구,10,
2250,ST-881,서초구,10,
2251,ST-781,서초구,10,
2252,ST-890,서초구,25,
2255,ST-772,서초구,25,
2256,ST-773,서초구,10,
2257,ST-774,서초구,10,
2258,ST-775,서초구,20,
2259,ST-780,서초구,15,
2263,ST-879,서초구,20,
2264,ST-935,서초구,9,
2265,ST-949,서초구,10,
2266,ST-1158,서초구,15,
2269,ST-1161,서초구,15,
2270,ST-1162,서초구,10,
2271,ST-1163,서초구,8,
2272,ST-1164,서초구,10,
2273,ST-1165,서초구,10,
2274,ST-1166,서초구,10,
2275,ST-1167,서초구,7,
2276,ST-1168,서초구,15,
2277,ST-1169,서초구,10,
2279,ST-1305,서초구,10,
2280,ST-1306,서초구,10,
2281,ST-1307,서초구,7,
2282,ST-1308,서초구,10,
2283,ST-1309,서초구,10,
2284,ST-1310,서초구,15,
2285,ST-1311,서초구,10,
2286,ST-1312,서초구,7,
2287,ST-1313,서초구,10,
2288,ST-1314,서초구,7,
2289,ST-1315,서초구,10,
2293,ST-1360,서초구,10,
2294,ST-1361,서초구,15,
2297,ST-1404,서초구,10,
2299,ST-1406,서초구,12,
2301,ST-777,강남구,10,
2302,ST-787,강남구,10,
2303,ST-788,강남구,15,
2304,ST-789,강남구,10,
2305,ST-790,강남구,6,
2306,ST-791,강남구,26,
2307,ST-792,강남구,10,
2308,ST-793,강남구,14,
2309,ST-783,강남구,10,
2310,ST-794,강남구,10,
2311,ST-786,강남구,6,
2312,ST-795,강남구,10,
2313,ST-796,강남구,10,
2314,ST-798,강남구,10,
2315,ST-799,강남구,10,
2316,ST-800,강남구,20,
2317,ST-784,강남구,10,
2318,ST-801,강남구,16,
2319,ST-802,강남구,10,
2320,ST-803,강남구,10,
2321,ST-804,강남구,10,
2322,ST-805,강남구,15,
2323,ST-806,강남구,10,
2324,ST-807,강남구,10,
2325,ST-808,강남구,10,
2326,ST-809,강남구,10,
2327,ST-810,강남구,15,
2328,ST-811,강남구,10,
2329,ST-812,강남구,10,
2330,ST-813,강남구,10,
2331,ST-814,강남구,10,
2332,ST-815,강남구,8,
2333,ST-816,강남구,15,
2334,ST-817,강남구,12,
2335,ST-818,강남구,15,
2336,ST-819,강남구,10,
2337,ST-782,강남구,10,
2339,ST-820,강남구,10,
2340,ST-821,강남구,17,
2341,ST-822,강남구,10,
2342,ST-823,강남구,15,
2344,ST-779,강남구,10,
2347,ST-961,강남구,11,
2348,ST-797,강남구,23,
2349,ST-959,강남구,12,
2350,ST-960,강남구,9,
2351,ST-937,강남구,11,
2352,ST-962,강남구,6,
2353,ST-963,강남구,10,
2354,ST-953,강남구,5,
2355,ST-955,강남구,20,
2356,ST-954,강남구,10,
2357,ST-966,강남구,10,
2358,ST-957,강남구,7,
2359,ST-958,강남구,10,
2360,ST-956,강남구,9,
2362,ST-1171,강남구,10,
2363,ST-1172,강남구,15,
2364,ST-1173,강남구,10,
2365,ST-1174,강남구,15,
2368,ST-1177,강남구,7,
2369,ST-1178,강남구,20,
2370,ST-1179,강남구,10,
2371,ST-1180,강남구,6,
2372,ST-1181,강남구,10,
2373,ST-1182,강남구,20,
2375,ST-1184,강남구,14,
2376,ST-1185,강남구,14,
2377,ST-1186,강남구,9,
2380,ST-1245,강남구,12,
2381,ST-1246,강남구,8,
2382,ST-1247,강남구,6,
2383,ST-1248,강남구,10,
2384,ST-1364,강남구,15,
2385,ST-1365,강남구,10,
2386,ST-1366,강남구,10,
2387,ST-1407,강남구,10,
2388,ST-1433,강남구,18,
2389,ST-1559,강남구,15,
2390,ST-1560,강남구,13,
2391,ST-1561,강남구,7,
2392,ST-1562,강남구,10,
2394,ST-1564,강남구,10,
2396,ST-1566,강남구,15,
2398,ST-1568,강남구,10,
2401,ST-1571,강남구,10,
2403,ST-1573,강남구,10,
2404,ST-1574,강남구,10,
2405,ST-1575,강남구,14,
2406,ST-1576,강남구,10,
2407,ST-1577,강남구,10,
2408,ST-1578,강남구,14,
2409,ST-1679,강남구,20,
2410,ST-1680,강남구,10,
2411,ST-1703,강남구,15,
2413,ST-1879,강남구,20,
2414,ST-1880,강남구,20,
2415,ST-1881,강남구,15,
2416,ST-1882,강남구,10,
2417,ST-1883,강남구,10,
2418,ST-1884,강남구,10,
2419,ST-1885,강남구,13,
2420,ST-1886,강남구,20,
2421,ST-1887,강남구,15,
2422,ST-1888,강남구,10,
2423,ST-1889,강남구,10,
2425,ST-1891,강남구,20,
2426,ST-1892,강남구,10,
2427,ST-1893,강남구,10,
2430,ST-1896,강남구,10,
2431,ST-1897,강남구,10,
2501,ST-1552,서초구,10,
2502,ST-1553,서초구,9,
2503,ST-1554,서초구,10,
2504,ST-1555,서초구,10,
2505,ST-1556,서초구,12,
2506,ST-1557,서초구,10,
2509,ST-1655,서초구,16,
2510,ST-1735,서초구,8,
2511,ST-618,서초구,10,
2514,ST-1899,서초구,10,
2515,ST-1900,서초구,15,
2516,ST-1901,서초구,9,
2517,ST-1902,서초구,20,
2518,ST-1903,서초구,10,
2519,ST-1904,서초구,10,
2520,ST-1905,서초구,20,
2521,ST-1906,서초구,13,
2523,ST-1908,서초구,10,
2524,ST-1909,서초구,15,
2525,ST-1910,서초구,20,
2527,ST-1912,서초구,10,
2529,ST-1914,서초구,12,
2530,ST-1915,서초구,15,
2531,ST-1916,서초구,20,
2532,ST-1917,서초구,13,
2533,ST-1918,서초구,10,
2535,ST-1920,서초구,10,
2536,ST-1921,서초구,10,
2537,ST-1922,서초구,10,
2538,ST-1923,서초구,10,
2539,ST-2404,서초구,20,
2540,ST-1924,서초구,10,
2541,ST-1925,서초구,10,
2542,ST-1926,서초구,10,
2545,ST-1929,서초구,15,
2547,ST-2414,서초구,7,
2548,ST-2415,서초구,18,
2549,ST-2416,서초구,10,
2550,ST-2417,서초구,10,
2601,ST-1590,송파구,16,
2603,ST-1592,송파구,10,
2604,ST-1627,송파구,10,
2605,ST-1658,송파구,15,
2606,ST-1657,송파구,15,
2608,ST-1681,송파구,10,
2609,ST-1682,송파구,10,
2611,ST-1684,송파구,7,
2613,ST-1705,송파구,18,
2614,ST-1706,송파구,15,
2615,ST-1707,송파구,15,
2616,ST-1716,송파구,10,
2617,ST-1717,송파구,15,
2618,ST-1728,송파구,14,
2619,ST-1729,송파구,9,
2620,ST-1730,송파구,12,
2621,ST-1719,송파구,15,
2622,ST-1720,송파구,20,
2623,ST-1851,송파구,15,
2625,ST-1852,송파구,15,
2626,ST-1853,송파구,15,
2627,ST-1854,송파구,15,
2628,ST-1855,송파구,15,
2630,ST-1857,송파구,12,
2631,ST-1858,송파구,15,
2632,ST-1859,송파구,9,
2633,ST-1860,송파구,20,
2634,ST-1861,송파구,10,
2635,ST-1862,송파구,21,
2637,ST-1864,송파구,15,
2639,ST-1866,송파구,18,
2641,ST-1793,송파구,15,
2642,ST-1794,송파구,12,
2643,ST-1795,송파구,10,
2644,ST-1796,송파구,10,
2645,ST-1797,송파구,10,
2646,ST-1867,송파구,15,
2647,ST-1868,송파구,7,
2648,ST-1869,송파구,30,
2649,ST-1870,송파구,10,
2650,ST-1871,송파구,7,
2651,ST-1872,송파구,20,
2652,ST-1873,송파구,41,
2653,ST-1874,송파구,25,
2654,ST-1875,송파구,10,
2655,ST-1876,송파구,20,
2656,ST-1878,송파구,10,
2657,ST-1877,송파구,10,
2658,ST-2409,송파구,10,
2659,ST-2410,송파구,10,
2701,ST-1718,강서구,26,
2702,ST-1727,강서구,20,
2703,ST-2018,강서구,20,
2704,ST-2020,강서구,10,
2706,ST-2022,강서구,13,
2707,ST-2023,강서구,13,
2708,ST-2024,강서구,15,
2709,ST-2025,강서구,20,
2710,ST-2026,강서구,30,
2711,ST-2027,강서구,9,
2712,ST-2028,강서구,18,
2713,ST-2029,강서구,13,
2715,ST-2031,강서구,25,
2716,ST-2032,강서구,20,
2717,ST-2033,강서구,62,
2718,ST-2034,강서구,20,
2719,ST-2035,강서구,40,
2720,ST-2036,강서구,30,
2721,ST-2037,강서구,12,
2723,ST-2040,강서구,13,
2724,ST-2041,강서구,25,
2725,ST-2042,강서구,20,
2727,ST-2044,강서구,25,
2728,ST-2045,강서구,55,
2729,ST-2046,강서구,30,
2730,ST-2047,강서구,30,
2731,ST-2048,강서구,20,
2732,ST-2049,강서구,14,
2733,ST-2050,강서구,15,
2737,ST-2054,강서구,10,
2739,ST-2056,강서구,20,
2740,ST-2057,강서구,20,
2741,ST-2058,강서구,8,
2742,ST-2059,강서구,10,
2744,ST-2411,강서구,25,
2745,ST-2412,강서구,9,
2746,ST-2419,강서구,10,
2801,ST-1753,구로구,30,
2804,ST-1944,구로구,10,
2805,ST-1945,구로구,10,
2806,ST-1946,구로구,10,
2807,ST-1947,구로구,10,
2808,ST-1948,구로구,10,
2809,ST-1949,구로구,10,
2810,ST-1950,구로구,10,
2812,ST-1952,구로구,15,
2813,ST-1953,구로구,10,
2814,ST-1954,구로구,10,
2815,ST-1955,구로구,12,
2816,ST-1956,구로구,14,
2817,ST-1957,구로구,10,
2818,ST-1958,구로구,14,
2819,ST-1959,구로구,20,
2820,ST-1960,구로구,10,
2821,ST-1961,구로구,10,
2822,ST-1962,구로구,14,
2823,ST-1963,구로구,10,
2824,ST-1964,구로구,10,
2825,ST-1965,구로구,10,
2826,ST-1966,구로구,10,
2901,ST-2067,노원구,8,
2902,ST-2068,노원구,12,
2903,ST-2069,노원구,10,
2904,ST-2070,노원구,8,
2907,ST-2073,노원구,15,
2908,ST-2074,노원구,20,
2909,ST-2075,노원구,13,
2910,ST-2076,노원구,10,
2911,ST-2077,노원구,7,
2912,ST-2078,노원구,20,
2913,ST-2079,노원구,17,
2914,ST-2080,노원구,10,
2915,ST-2081,노원구,35,
2917,ST-2083,노원구,10,
2919,ST-2085,노원구,16,
2920,ST-2086,노원구,14,
2921,ST-2087,노원구,10,
3002,ST-2160,마포구,10,
3003,ST-2161,마포구,5,
3005,ST-2163,마포구,10,
3006,ST-2164,마포구,10,
3007,ST-2165,마포구,10,
3008,ST-2166,마포구,10,
3009,ST-2167,마포구,10,
3010,ST-2168,마포구,15,
3013,ST-2422,중구,10,
3100,ST-1188,서대문구,8,
3101,ST-1189,서대문구,15,
3102,ST-1190,서대문구,10,
3103,ST-1491,서대문구,8,
3104,ST-1492,서대문구,13,
3105,ST-1493,서대문구,9,
3109,ST-2194,서대문구,10,
3110,ST-2195,서대문구,15,
3111,ST-2196,서대문구,10,
3113,ST-2199,서대문구,15,
3114,ST-2198,서대문구,7,
3115,ST-2200,서대문구,20,
3116,ST-2201,서대문구,10,
3117,ST-2202,서대문구,10,
3119,ST-2204,서대문구,10,
3120,ST-2205,서대문구,12,
3121,ST-2206,서대문구,15,
3122,ST-2207,서대문구,20,
3123,ST-2208,서대문구,30,
3125,ST-2210,서대문구,20,
3127,ST-2212,서대문구,10,
3128,ST-2213,서대문구,7,
3129,ST-2214,서대문구,20,
3130,ST-2215,서대문구,20,
3131,ST-2216,서대문구,15,
3132,ST-2217,서대문구,10,
3134,ST-2219,서대문구,10,
3201,ST-1972,영등포구,9,
3202,ST-1973,영등포구,15,
3203,ST-1974,영등포구,10,
3204,ST-1975,영등포구,10,
3205,ST-1976,영등포구,10,
3206,ST-1977,영등포구,15,
3207,ST-1978,영등포구,12,
3211,ST-1982,영등포구,15,
3212,ST-1983,영등포구,10,
3214,ST-1985,영등포구,10,
3215,ST-1986,영등포구,15,
3219,ST-1990,영등포구,10,
3220,ST-1991,영등포구,20,
3221,ST-1992,영등포구,10,
3305,ST-2389,관악구,10,
3310,ST-2393,관악구,15,
3311,ST-2394,관악구,12,
3401,ST-1798,종로구,10,
3402,ST-1799,종로구,10,
3404,ST-1801,종로구,9,
3405,ST-1802,종로구,10,
3407,ST-1804,종로구,18,
3408,ST-1805,종로구,13,
3410,ST-1807,종로구,10,
3411,ST-1808,종로구,10,
3412,ST-1809,종로구,15,
3413,ST-1810,종로구,22,
3414,ST-1811,종로구,10,
3415,ST-1812,종로구,15,
3416,ST-1813,종로구,15,
3417,ST-1814,종로구,12,
3418,ST-1815,종로구,10,
3419,ST-1816,종로구,14,
3420,ST-1817,종로구,10,
3421,ST-1818,종로구,10,
3422,ST-1819,종로구,23,
3425,ST-1822,종로구,7,
3426,ST-1823,종로구,10,
3427,ST-1824,종로구,8,
3428,ST-1825,종로구,10,
3429,ST-1826,종로구,10,
3431,ST-1828,종로구,10,
3432,ST-1829,종로구,15,
3500,ST-983,광진구,7,
3501,ST-984,광진구,10,
3502,ST-985,광진구,18,
3503,ST-986,광진구,14,
3504,ST-987,광진구,8,
3505,ST-988,광진구,12,
3506,ST-1191,광진구,10,
3507,ST-1192,광진구,25,
3508,ST-1193,광진구,7,
3509,ST-1194,광진구,20,
3510,ST-1427,광진구,10,
3511,ST-1195,성동구,10,
3513,ST-1197,성동구,15,
3514,ST-1198,성동구,10,
3515,ST-1199,성동구,20,
3516,ST-1271,광진구,15,
3517,ST-1266,광진구,10,
3518,ST-1263,광진구,8,
3521,ST-1379,광진구,10,
3523,ST-1429,광진구,10,
3525,ST-1599,성동구,15,
3527,ST-1601,성동구,5,
3528,ST-1602,광진구,8,
3529,ST-1603,광진구,15,
3530,ST-1616,성동구,10,
3531,ST-1617,성동구,10,
3532,ST-1618,성동구,9,
3533,ST-1660,광진구,10,
3534,ST-1661,광진구,12,
3536,ST-1663,광진구,10,
3537,ST-1664,광진구,15,
3539,ST-1686,강동구,10,
3542,ST-1722,광진구,17,
3543,ST-1760,광진구,15,
3544,ST-2326,성동구,10,
3545,ST-2327,성동구,10,
3547,ST-2329,성동구,12,
3548,ST-2330,성동구,10,
3549,ST-2331,성동구,9,
3550,ST-2332,성동구,20,
3551,ST-2333,성동구,10,
3552,ST-2334,성동구,19,
3553,ST-2335,성동구,10,
3555,ST-2337,성동구,10,
3556,ST-2338,성동구,10,
3557,ST-2339,성동구,8,
3558,ST-2340,성동구,10,
3559,ST-2341,성동구,10,
3560,ST-2342,성동구,22,
3561,ST-2343,성동구,10,
3563,ST-2302,광진구,5,
3566,ST-2305,광진구,10,
3569,ST-2308,광진구,12,
3570,ST-2309,광진구,10,
3571,ST-2310,광진구,15,
3573,ST-2312,광진구,15,
3575,ST-2314,광진구,6,
3579,ST-2318,광진구,20,
3581,ST-2320,광진구,15,
3582,ST-2321,광진구,14,
3586,ST-2325,광진구,8,
3587,ST-2407,광진구,15,
3588,ST-2408,광진구,10,
3600,ST-2420,성동구,7,
3602,ST-2474,강남구,5,
3603,ST-2670,강남구,10,
3604,ST-2671,강남구,15,
3605,ST-2672,강남구,10,
3606,ST-2673,강남구,10,
3609,ST-2674,강남구,16,
3610,ST-2675,강남구,10,
3611,ST-2676,강남구,16,
3612,ST-2677,강남구,10,
3614,ST-2678,강남구,10,
3615,ST-2679,강남구,10,
3616,ST-2680,강남구,10,
3618,ST-2681,강남구,10,
3620,ST-2682,강남구,10,
3621,ST-2683,강남구,10,
3622,ST-2684,강남구,7,
3623,ST-2685,강남구,10,
3624,ST-2686,강남구,10,
3627,ST-2688,강남구,10,
3628,ST-2689,강남구,10,
3629,ST-2690,강남구,4,
3630,ST-2691,강남구,10,
3634,ST-2788,강남구,5,
3636,ST-2837,강남구,5,
3637,ST-2838,강남구,10,
3638,ST-2839,강남구,5,
3640,ST-2847,강남구,7,
3641,ST-2867,강남구,10,
3642,ST-2907,강남구,13,
3643,ST-2868,강남구,5,
3644,ST-2869,강남구,5,
3646,ST-2882,강남구,7,
3647,ST-2925,강남구,10,
3648,ST-2926,강남구,5,
3649,ST-2927,강남구,6,
3651,ST-3049,강남구,5,
3652,ST-2424,강동구,10,
3653,ST-2567,강동구,10,
3654,ST-2568,강동구,10,
3655,ST-2457,강동구,10,
3656,ST-2747,강동구,20,
3657,ST-2732,강동구,12,
3658,ST-2733,강동구,10,
3659,ST-2734,강동구,10,
3661,ST-2736,강동구,10,
3663,ST-2737,강동구,10,
3664,ST-2738,강동구,12,
3665,ST-2739,강동구,12,
3668,ST-2740,강동구,10,
3671,ST-2742,강동구,10,
3673,ST-2743,강동구,10,
3674,ST-2744,강동구,10,
3675,ST-2745,강동구,20,
3676,ST-2696,강동구,10,
3680,ST-2748,강동구,6,
3681,ST-2749,강동구,10,
3682,ST-2750,강동구,10,
3683,ST-2751,강동구,10,
3684,ST-2854,강동구,10,
3685,ST-2697,강동구,15,
3686,ST-2862,강동구,8,
3688,ST-2841,강동구,10,
3689,ST-2908,강동구,20,
3690,ST-2909,강동구,23,
3691,ST-2928,강동구,20,
3692,ST-2929,강동구,10,
3694,ST-2966,강동구,14,
3698,ST-3085,강동구,6,
3699,ST-3087,강동구,15,
3700,ST-3098,강동구,8,
3701,ST-3154,강동구,8,
3703,ST-2458,강북구,10,
3707,ST-2459,강북구,10,
3714,ST-2461,강북구,10,
3718,ST-2610,강북구,11,
3724,ST-3184,강북구,20,
3725,ST-3193,강북구,5,
3726,ST-3234,강북구,6,
3753,ST-2476,강서구,10,
3754,ST-2611,강서구,10,
3756,ST-2477,강서구,10,
3757,ST-2857,강서구,10,
3758,ST-2858,강서구,10,
3759,ST-2569,강서구,25,
3760,ST-2538,강서구,17,
3761,ST-2478,강서구,10,
3762,ST-2831,강서구,10,
3763,ST-2479,강서구,18,
3764,ST-2613,강서구,10,
3765,ST-2480,강서구,10,
3766,ST-2539,강서구,10,
3767,ST-2481,강서구,10,
3770,ST-2752,강서구,10,
3772,ST-2482,강서구,15,
3774,ST-2789,강서구,10,
3775,ST-2483,강서구,10,
3776,ST-2484,강서구,10,
3778,ST-2486,강서구,10,
3779,ST-2540,강서구,10,
3780,ST-2487,강서구,22,
3781,ST-2488,강서구,12,
3782,ST-2489,강서구,10,
3783,ST-2490,강서구,10,
3784,ST-2491,강서구,10,
3785,ST-2832,강서구,20,
3786,ST-2558,강서구,9,
3788,ST-2493,강서구,15,
3789,ST-2494,강서구,35,
3792,ST-2551,강서구,10,
3793,ST-2552,강서구,10,
3794,ST-2553,강서구,20,
3796,ST-2555,강서구,8,
3797,ST-2556,강서구,10,
3798,ST-2557,강서구,11,
3799,ST-2627,강서구,5,
3801,ST-2790,강서구,10,
3802,ST-2428,관악구,8,
3803,ST-2614,관악구,7,
3804,ST-2615,관악구,10,
3806,ST-2616,관악구,10,
3807,ST-2617,관악구,12,
3811,ST-2851,관악구,10,
3812,ST-2842,관악구,10,
3813,ST-2872,관악구,7,
3814,ST-2873,관악구,10,
3815,ST-2948,관악구,7,
3816,ST-2995,관악구,8,
3818,ST-2996,관악구,10,
3819,ST-3143,관악구,13,
3820,ST-3166,관악구,8,
3853,ST-2541,광진구,18,
3860,ST-2542,광진구,10,
3863,ST-2543,광진구,10,
3864,ST-2544,광진구,11,
3865,ST-2545,광진구,8,
3868,ST-2546,광진구,10,
3873,ST-2547,광진구,8,
3878,ST-2548,광진구,15,
3879,ST-2843,광진구,7,
3880,ST-2830,광진구,13,
3881,ST-2865,광진구,7,
3882,ST-2891,광진구,3,
3886,ST-3012,광진구,5,
3890,ST-3188,광진구,7,
3894,ST-3309,광진구,8,
3899,ST-3340,광진구,10,
3900,ST-3351,광진구,10,
3902,ST-2462,구로구,16,
3903,ST-2463,구로구,10,
3904,ST-2464,구로구,10,
3905,ST-2465,구로구,15,
3906,ST-2435,구로구,8,
3907,ST-2559,구로구,10,
3908,ST-2753,구로구,10,
3910,ST-2828,구로구,10,
3911,ST-2829,구로구,10,
3912,ST-2855,구로구,10,
3914,ST-2892,구로구,10,
3915,ST-2949,구로구,10,
3917,ST-3037,구로구,10,
3918,ST-2997,구로구,10,
3919,ST-3013,구로구,14,
3920,ST-3055,구로구,10,
3922,ST-3067,구로구,16,
3923,ST-3088,구로구,10,
3924,ST-3103,구로구,10,
3925,ST-3124,구로구,10,
3927,ST-3182,구로구,9,
3928,ST-3195,구로구,10,
3929,ST-3194,구로구,15,
3930,ST-3189,구로구,8,
3931,ST-3223,구로구,7,
3932,ST-3222,구로구,10,
3933,ST-3237,구로구,10,
3934,ST-3225,구로구,7,
3935,ST-3252,구로구,10,
3936,ST-3303,구로구,10,
3937,ST-3306,구로구,10,
3939,ST-3311,구로구,15,
3956,ST-2637,금천구,10,
3958,ST-2638,금천구,10,
3959,ST-2639,금천구,10,
3963,ST-2641,금천구,10,
3966,ST-2642,금천구,8,
3967,ST-2893,금천구,16,
3968,ST-2894,금천구,10,
3969,ST-2895,금천구,20,
3970,ST-2910,금천구,6,
3971,ST-2911,금천구,11,
3972,ST-2912,금천구,6,
3973,ST-2913,금천구,7,
3974,ST-2931,금천구,10,
3975,ST-3029,금천구,10,
3980,ST-3032,금천구,5,
3983,ST-2932,금천구,10,
3984,ST-2999,금천구,5,
3985,ST-2964,금천구,20,
3986,ST-3196,금천구,5,
3987,ST-3219,금천구,10,
3988,ST-3236,금천구,5,
3989,ST-3396,금천구,10,
4002,ST-2698,노원구,10,
4004,ST-2700,노원구,10,
4005,ST-2701,노원구,10,
4007,ST-2702,노원구,9,
4008,ST-2703,노원구,10,
4009,ST-2704,노원구,20,
4011,ST-2705,노원구,10,
4013,ST-2706,노원구,20,
4014,ST-2707,노원구,10,
4016,ST-2754,노원구,10,
4017,ST-2708,노원구,20,
4018,ST-2709,노원구,8,
4019,ST-2710,노원구,7,
4020,ST-2711,노원구,10,
4021,ST-2712,노원구,10,
4023,ST-2713,노원구,10,
4024,ST-2714,노원구,10,
4025,ST-2715,노원구,10,
4026,ST-2716,노원구,10,
4027,ST-2791,노원구,10,
4028,ST-2717,노원구,10,
4029,ST-2718,노원구,8,
4031,ST-2729,노원구,10,
4032,ST-2719,노원구,10,
4033,ST-2720,노원구,9,
4035,ST-2804,노원구,6,
4036,ST-2792,노원구,9,
4037,ST-2835,노원구,15,
4039,ST-2859,노원구,10,
4040,ST-2861,노원구,10,
4041,ST-2896,노원구,8,
4042,ST-2914,노원구,10,
4043,ST-2954,노원구,10,
4044,ST-2955,노원구,4,
4045,ST-2971,노원구,8,
4054,ST-2722,도봉구,10,
4058,ST-2723,도봉구,15,
4062,ST-2724,도봉구,9,
4064,ST-2725,도봉구,10,
4073,ST-2730,도봉구,10,
4074,ST-2727,도봉구,10,
4076,ST-2549,도봉구,10,
4077,ST-2799,도봉구,6,
4078,ST-2849,도봉구,8,
4080,ST-2967,도봉구,4,
4083,ST-3026,도봉구,8,
4084,ST-3050,도봉구,10,
4086,ST-3091,도봉구,10,
4087,ST-3092,도봉구,10,
4088,ST-3093,도봉구,15,
4089,ST-3119,도봉구,10,
4090,ST-3175,도봉구,15,
4091,ST-3172,도봉구,10,
4092,ST-3177,도봉구,10,
4094,ST-3197,도봉구,6,
4095,ST-3269,도봉구,8,
4096,ST-3368,도봉구,8,
4097,ST-3399,도봉구,8,
4102,ST-2496,동대문구,7,
4103,ST-2497,동대문구,10,
4104,ST-2498,동대문구,10,
4105,ST-2499,동대문구,10,
4107,ST-2500,동대문구,10,
4108,ST-2501,동대문구,10,
4110,ST-2502,동대문구,10,
4113,ST-2504,동대문구,10,
4114,ST-2560,동대문구,10,
4116,ST-2505,동대문구,10,
4117,ST-2506,동대문구,10,
4121,ST-2507,동대문구,15,
4122,ST-2508,동대문구,10,
4123,ST-2509,동대문구,10,
4128,ST-3155,동대문구,5,
4131,ST-3165,동대문구,8,
4132,ST-3173,동대문구,10,
4133,ST-3198,동대문구,7,
4134,ST-3206,동대문구,10,
4135,ST-3258,동대문구,18,
4136,ST-3286,동대문구,7,
4137,ST-3316,동대문구,10,
4138,ST-3317,동대문구,5,
4139,ST-3328,동대문구,7,
4140,ST-3333,동대문구,7,
4141,ST-3334,동대문구,6,
4142,ST-3353,동대문구,6,
4143,ST-3356,동대문구,5,
4144,ST-3363,동대문구,10,
4145,ST-3362,동대문구,5,
4146,ST-3382,동대문구,7,
4147,ST-3405,동대문구,35,
4152,ST-2649,동작구,10,
4153,ST-2650,동작구,10,
4158,ST-2651,동작구,10,
4162,ST-2652,동작구,10,
4167,ST-2653,동작구,25,
4169,ST-2654,동작구,10,
4173,ST-2827,동작구,7,
4175,ST-2803,동작구,10,
4177,ST-3064,동작구,8,
4178,ST-3065,동작구,10,
4179,ST-3105,동작구,10,
4180,ST-3106,동작구,4,
4181,ST-3117,동작구,6,
4182,ST-3392,동작구,10,
4202,ST-2528,마포구,9,
4206,ST-2530,마포구,7,
4207,ST-2531,마포구,10,
4208,ST-2532,마포구,10,
4210,ST-2533,마포구,7,
4211,ST-2534,마포구,8,
4212,ST-2535,마포구,10,
4213,ST-2536,마포구,15,
4214,ST-2537,마포구,10,
4216,ST-2874,마포구,10,
4217,ST-2905,마포구,20,
4218,ST-2974,마포구,13,
4220,ST-2975,마포구,10,
4221,ST-2976,마포구,13,
4222,ST-3008,마포구,5,
4224,ST-2977,마포구,5,
4226,ST-2978,마포구,14,
4233,ST-2979,마포구,10,
4234,ST-2980,마포구,10,
4238,ST-2981,마포구,7,
4240,ST-2983,마포구,8,
4244,ST-3017,마포구,10,
4246,ST-3019,마포구,5,
4247,ST-3020,마포구,10,
4248,ST-3021,마포구,10,
4253,ST-2561,서대문구,5,
4255,ST-2897,서대문구,21,
4264,ST-3033,서대문구,5,
4266,ST-3027,서대문구,9,
4267,ST-3051,서대문구,6,
4269,ST-3062,서대문구,8,
4270,ST-3139,서대문구,5,
4271,ST-3107,서대문구,7,
4272,ST-3113,서대문구,7,
4273,ST-3114,서대문구,7,
4274,ST-3140,서대문구,10,
4275,ST-3202,서대문구,10,
4277,ST-3347,서대문구,5,
4278,ST-3349,서대문구,5,
4280,ST-3410,서대문구,5,
4281,ST-3411,서대문구,10,
4303,ST-2655,서초구,8,
4304,ST-2656,서초구,10,
4305,ST-2657,서초구,8,
4306,ST-2658,서초구,10,
4307,ST-2659,서초구,10,
4309,ST-2661,서초구,5,
4310,ST-2662,서초구,6,
4312,ST-2663,서초구,10,
4313,ST-2664,서초구,10,
4315,ST-2666,서초구,10,
4316,ST-2667,서초구,25,
4317,ST-2668,서초구,5,
4318,ST-2669,서초구,5,
4319,ST-2562,서초구,7,
4320,ST-2570,서초구,11,
4322,ST-2853,서초구,15,
4323,ST-2875,서초구,10,
4324,ST-2934,서초구,5,
4327,ST-3009,서초구,11,
4329,ST-2962,서초구,8,
4332,ST-3086,서초구,5,
4333,ST-3144,서초구,5,
4334,ST-3157,서초구,7,
4336,ST-3180,서초구,10,
4337,ST-3181,서초구,10,
4338,ST-3216,서초구,5,
4340,ST-3220,서초구,5,
4341,ST-3221,서초구,5,
4343,ST-3257,서초구,5,
4344,ST-3298,서초구,5,
4345,ST-3310,서초구,6,
4346,ST-3360,서초구,7,
4347,ST-3332,서초구,10,
4348,ST-3350,서초구,5,
4349,ST-3361,서초구,6,
4350,ST-3379,서초구,5,
4351,ST-3385,서초구,7,
4353,ST-2466,성동구,8,
4360,ST-2467,성동구,15,
4362,ST-2468,성동구,8,
4363,ST-2856,성동구,4,
4367,ST-2787,성동구,5,
4370,ST-2834,성동구,9,
4373,ST-3002,성동구,11,
4377,ST-3003,성동구,8,
4381,ST-3042,성동구,8,
4382,ST-3043,성동구,7,
4383,ST-3044,성동구,4,
4385,ST-3099,성동구,5,
4386,ST-3120,성동구,5,
4387,ST-3121,성동구,8,
4389,ST-3205,성동구,5,
4390,ST-3228,성동구,5,
4393,ST-3265,성동구,10,
4394,ST-3277,성동구,2,
4396,ST-3320,성동구,8,
4397,ST-3321,성동구,14,
4398,ST-3325,성동구,12,
4399,ST-3326,성동구,7,
4401,ST-3393,성동구,10,
4406,ST-2731,성북구,10,
4411,ST-2898,성북구,5,
4414,ST-2935,성북구,8,
4415,ST-2970,성북구,7,
4417,ST-3045,성북구,10,
4418,ST-3046,성북구,8,
4419,ST-3038,성북구,6,
4420,ST-3039,성북구,6,
4421,ST-3158,성북구,10,
4423,ST-3203,성북구,10,
4425,ST-3264,성북구,10,
4427,ST-3344,성북구,10,
4428,ST-3378,성북구,7,
4452,ST-2571,송파구,10,
4453,ST-2572,송파구,15,
4454,ST-2619,송파구,15,
4457,ST-2574,송파구,50,
4458,ST-2575,송파구,10,
4460,ST-2576,송파구,8,
4461,ST-2577,송파구,7,
4462,ST-2578,송파구,8,
4463,ST-2579,송파구,10,
4464,ST-2580,송파구,15,
4465,ST-2581,송파구,10,
4468,ST-2583,송파구,15,
4469,ST-2584,송파구,10,
4472,ST-2585,송파구,10,
4473,ST-2586,송파구,10,
4474,ST-2587,송파구,10,
4475,ST-2588,송파구,10,
4478,ST-2589,송파구,10,
4479,ST-2590,송파구,10,
4480,ST-2591,송파구,10,
4481,ST-2592,송파구,25,
4483,ST-2593,송파구,10,
4484,ST-2594,송파구,10,
4485,ST-2595,송파구,10,
4486,ST-2596,송파구,10,
4488,ST-2597,송파구,10,
4490,ST-2598,송파구,10,
4491,ST-2599,송파구,10,
4493,ST-2600,송파구,10,
4496,ST-2601,송파구,10,
4497,ST-2602,송파구,20,
4499,ST-2603,송파구,10,
4507,ST-2759,양천구,10,
4508,ST-2760,양천구,10,
4509,ST-2761,양천구,15,
4510,ST-2762,양천구,13,
4512,ST-2763,양천구,15,
4514,ST-2764,양천구,20,
4515,ST-2765,양천구,10,
4517,ST-2767,양천구,10,
4518,ST-2768,양천구,10,
4519,ST-2769,양천구,8,
4520,ST-2770,양천구,10,
4522,ST-2771,양천구,10,
4523,ST-2772,양천구,20,
4526,ST-2773,양천구,10,
4527,ST-2774,양천구,15,
4528,ST-2692,양천구,8,
4530,ST-2794,양천구,10,
4531,ST-2844,양천구,10,
4532,ST-2879,양천구,10,
4535,ST-2960,양천구,10,
4536,ST-2961,양천구,23,
4537,ST-3047,양천구,6,
4538,ST-3048,양천구,10,
4539,ST-3059,양천구,8,
4540,ST-3104,양천구,10,
4541,ST-3089,양천구,9,
4542,ST-3146,양천구,5,
4543,ST-3163,양천구,9,
4544,ST-3215,양천구,8,
4545,ST-3224,양천구,10,
4546,ST-3227,양천구,14,
4547,ST-3304,양천구,15,
4548,ST-3407,양천구,7,
4549,ST-3416,양천구,10,
4552,ST-2806,영등포구,10,
4553,ST-2807,영등포구,10,
4555,ST-2808,영등포구,10,
4556,ST-2563,영등포구,10,
4557,ST-2564,영등포구,10,
4558,ST-2809,영등포구,10,
4559,ST-2810,영등포구,10,
4560,ST-2811,영등포구,10,
4561,ST-2812,영등포구,10,
4563,ST-2813,영등포구,10,
4564,ST-2814,영등포구,10,
4565,ST-2815,영등포구,10,
4566,ST-2816,영등포구,15,
4567,ST-2817,영등포구,10,
4569,ST-2819,영등포구,10,
4571,ST-2820,영등포구,10,
4573,ST-2821,영등포구,10,
4574,ST-2822,영등포구,9,
4575,ST-2823,영등포구,10,
4576,ST-2800,영등포구,15,
4578,ST-2801,영등포구,10,
4579,ST-2643,영등포구,10,
4580,ST-2644,영등포구,12,
4581,ST-2645,영등포구,12,
4582,ST-2646,영등포구,12,
4583,ST-2647,영등포구,12,
4584,ST-2648,영등포구,8,
4585,ST-2694,영등포구,6,
4588,ST-2852,영등포구,10,
4589,ST-2899,영등포구,18,
4591,ST-2901,영등포구,20,
4592,ST-2902,영등포구,14,
4594,ST-2920,영등포구,15,
4598,ST-2958,영등포구,9,
4599,ST-2959,영등포구,15,
4600,ST-3011,영등포구,10,
4601,ST-3030,영등포구,10,
4603,ST-2866,용산구,10,
4604,ST-2437,용산구,15,
4607,ST-2439,용산구,10,
4608,ST-2440,용산구,10,
4609,ST-2441,용산구,10,
4610,ST-2442,용산구,10,
4611,ST-2443,용산구,10,
4612,ST-2444,용산구,8,
4613,ST-2445,용산구,7,
4615,ST-2446,용산구,7,
4616,ST-2447,용산구,15,
4617,ST-2448,용산구,6,
4618,ST-2449,용산구,10,
4619,ST-2450,용산구,10,
4620,ST-2451,용산구,8,
4621,ST-3054,용산구,12,
4622,ST-2452,용산구,6,
4623,ST-2453,용산구,10,
4625,ST-2469,용산구,8,
4627,ST-2455,용산구,7,
4629,ST-2456,용산구,8,
4632,ST-2880,용산구,6,
4633,ST-2924,용산구,16,
4634,ST-3056,용산구,5,
4636,ST-3080,용산구,8,
4637,ST-3081,용산구,10,
4638,ST-3082,용산구,10,
4639,ST-3083,용산구,10,
4640,ST-3135,용산구,8,
4641,ST-3138,용산구,10,
4642,ST-3159,용산구,10,
4643,ST-3249,용산구,7,
4652,ST-2425,은평구,10,
4653,ST-2470,은평구,10,
4657,ST-2775,은평구,17,
4658,ST-2776,은평구,10,
4659,ST-2777,은평구,10,
4663,ST-2778,은평구,10,
4665,ST-2779,은평구,10,
4667,ST-2780,은평구,10,
4668,ST-2781,은평구,10,
4671,ST-2782,은평구,10,
4672,ST-2783,은평구,10,
4674,ST-2785,은평구,10,
4676,ST-2824,은평구,9,
4677,ST-2825,은평구,10,
4678,ST-2956,은평구,10,
4681,ST-3028,은평구,6,
4683,ST-3058,은평구,10,
4684,ST-3076,은평구,10,
4685,ST-3095,은평구,25,
4686,ST-3126,은평구,7,
4687,ST-3127,은평구,10,
4689,ST-3169,은평구,10,
4690,ST-3201,은평구,5,
4693,ST-3279,은평구,6,
4703,ST-2511,종로구,8,
4705,ST-2565,종로구,6,
4707,ST-2513,종로구,5,
4708,ST-2472,종로구,6,
4710,ST-2473,종로구,8,
4711,ST-2427,종로구,10,
4713,ST-2623,종로구,7,
4715,ST-2923,종로구,15,
4718,ST-3075,종로구,10,
4719,ST-3090,종로구,15,
4721,ST-3354,종로구,8,
4752,ST-2624,중구,7,
4753,ST-2514,중구,10,
4760,ST-2430,중구,10,
4761,ST-2516,중구,10,
4762,ST-2517,중구,10,
4765,ST-2431,중구,20,
4766,ST-2432,중구,23,
4772,ST-2519,중구,10,
4774,ST-2520,중구,9,
4775,ST-2521,중구,10,
4776,ST-2522,중구,10,
4777,ST-2805,중구,8,
4781,ST-2433,중구,10,
4782,ST-2434,중구,10,
4784,ST-2525,중구,10,
4785,ST-2526,중구,8,
4791,ST-2527,중구,10,
4792,ST-2625,중구,10,
4793,ST-2626,중구,10,
4794,ST-2786,중구,8,
4796,ST-2693,중구,10,
4797,ST-2845,중구,13,
4798,ST-2903,중구,10,
4800,ST-3052,중구,5,
4801,ST-3053,중구,5,
4802,ST-2628,중랑구,8,
4803,ST-2629,중랑구,5,
4804,ST-2630,중랑구,9,
4807,ST-2631,중랑구,8,
4808,ST-2632,중랑구,8,
4809,ST-2633,중랑구,8,
4811,ST-2634,중랑구,10,
4812,ST-2635,중랑구,10,
4813,ST-2636,중랑구,10,
4815,ST-2795,중랑구,8,
4819,ST-2846,중랑구,10,
4820,ST-2860,중랑구,8,
4823,ST-2921,중랑구,8,
4824,ST-2922,중랑구,7,
4825,ST-2906,중랑구,8,
4826,ST-2904,중랑구,8,
4827,ST-2942,중랑구,20,
4828,ST-2952,중랑구,5,
4829,ST-2953,중랑구,5,
4830,ST-3036,중랑구,7,
4834,ST-2969,중랑구,8,
4835,ST-3006,중랑구,7,
4836,ST-3023,중랑구,15,
4837,ST-3024,중랑구,14,
4838,ST-3025,중랑구,7,
4840,ST-3035,중랑구,7,
4841,ST-3168,중랑구,15,
4842,ST-3233,중랑구,20,
4843,ST-3253,중랑구,8,
4845,ST-3275,중랑구,10,
4846,ST-3345,중랑구,7,
4847,ST-3346,중랑구,5,
4852,ST-2605,송파구,10,
4854,ST-2606,송파구,10,
4855,ST-2607,송파구,10,
4856,ST-2608,송파구,10,
4857,ST-2621,송파구,15,
4859,ST-2609,송파구,15,
4860,ST-2757,송파구,7,
4862,ST-2756,송파구,10,
4863,ST-2728,송파구,7,
4864,ST-2796,송파구,10,
4865,ST-2797,송파구,5,
4867,ST-2798,송파구,10,
4868,ST-2833,송파구,10,
4870,ST-2876,송파구,10,
4871,ST-2877,송파구,7,
4872,ST-2878,송파구,7,
4873,ST-2915,송파구,7,
4874,ST-2916,송파구,10,
4875,ST-2917,송파구,4,
4879,ST-2936,송파구,5,
4880,ST-2957,송파구,9,
4881,ST-2937,송파구,5,
4882,ST-2938,송파구,5,
4883,ST-2939,송파구,10,
4884,ST-2984,송파구,16,
4885,ST-2985,송파구,8,
4886,ST-2986,송파구,6,
4887,ST-2987,송파구,6,
4888,ST-2940,송파구,10,
4889,ST-2941,송파구,14,
4891,ST-3004,송파구,10,
4892,ST-3005,송파구,18,
4893,ST-2972,송파구,6,
4895,ST-2988,송파구,6,
4896,ST-2989,송파구,10,
4897,ST-2991,송파구,15,
4901,ST-3057,강남구,6,
4902,ST-2870,강남구,6,
4903,ST-3066,강남구,6,
4905,ST-3079,강남구,10,
4906,ST-3077,강남구,10,
4907,ST-3078,강남구,5,
4908,ST-3096,강남구,5,
4909,ST-3108,강남구,6,
4913,ST-3111,강남구,7,
4914,ST-3112,강남구,6,
4915,ST-3115,강남구,6,
4916,ST-3164,강남구,5,
4917,ST-3179,강남구,5,
4918,ST-3185,강남구,5,
4919,ST-3178,강남구,6,
4923,ST-3207,강남구,9,
4924,ST-3208,강남구,8,
4925,ST-3243,강남구,7,
4926,ST-3240,강남구,10,
4928,ST-3245,강남구,10,
4929,ST-3254,강남구,6,
4930,ST-3268,강남구,10,
4931,ST-3307,강남구,8,
4932,ST-3294,강남구,10,
4935,ST-3302,강남구,8,
4936,ST-3348,강남구,8,
4937,ST-3364,강남구,5,
4938,ST-3376,강남구,10,
4939,ST-3386,강남구,5,
4940,ST-3389,강남구,30,
4941,ST-3394,강남구,10,
4942,ST-3414,강남구,10,
4951,ST-3147,강동구,5,
4952,ST-3209,강동구,5,
4953,ST-3248,강동구,10,
4954,ST-3312,강동구,15,
4956,ST-3352,강동구,5,
4957,ST-3329,강동구,10,
4958,ST-3335,강동구,10,
4959,ST-3336,강동구,10,
4960,ST-3358,강동구,15,
4962,ST-3366,강동구,10,
4964,ST-3372,강동구,10,
4965,ST-3373,강동구,15,
4968,ST-3423,강동구,10,
5052,ST-2871,강서구,25,
5053,ST-2883,강서구,25,
5055,ST-2884,강서구,7,
5057,ST-2886,강서구,14,
5059,ST-2887,강서구,7,
5061,ST-2888,강서구,10,
5064,ST-2943,강서구,15,
5065,ST-2944,강서구,10,
5066,ST-2945,강서구,25,
5067,ST-2946,강서구,8,
5070,ST-2965,강서구,15,
5072,ST-2947,강서구,10,
5073,ST-2992,강서구,6,
5074,ST-2993,강서구,10,
5075,ST-2994,강서구,10,
5076,ST-3031,강서구,16,
5078,ST-3068,강서구,10,
5080,ST-3084,강서구,10,
5082,ST-3094,강서구,9,
5084,ST-3100,강서구,10,
5086,ST-3118,강서구,8,
5087,ST-3129,강서구,8,
5088,ST-3125,강서구,16,
5089,ST-3128,강서구,40,
5090,ST-3137,강서구,10,
5091,ST-3145,강서구,8,
5095,ST-3226,강서구,9,
5096,ST-3251,강서구,57,
5097,ST-3259,강서구,40,
5098,ST-3261,강서구,20,
5099,ST-3260,강서구,40,
5100,ST-3263,강서구,2,
5151,ST-3367,광진구,5,
5152,ST-3369,광진구,9,
5153,ST-3390,광진구,30,
5154,ST-3400,광진구,10,
5155,ST-3422,광진구,5,
5301,ST-3015,노원구,4,
5305,ST-3063,노원구,10,
5308,ST-3097,노원구,5,
5309,ST-3101,노원구,5,
5310,ST-3110,노원구,9,
5311,ST-3116,노원구,5,
5313,ST-3123,노원구,5,
5314,ST-3122,노원구,6,
5315,ST-3134,노원구,5,
5317,ST-3167,노원구,5,
5318,ST-3149,노원구,10,
5319,ST-3174,노원구,10,
5320,ST-3192,노원구,18,
5321,ST-3211,노원구,5,
5322,ST-3218,노원구,5,
5323,ST-3256,노원구,13,
5325,ST-3266,노원구,10,
5326,ST-3262,노원구,10,
5327,ST-3270,노원구,10,
5328,ST-3274,노원구,10,
5329,ST-3278,노원구,10,
5330,ST-3280,노원구,15,
5331,ST-3282,노원구,5,
5332,ST-3287,노원구,11,
5333,ST-3288,노원구,10,
5334,ST-3290,노원구,8,
5335,ST-3289,노원구,13,
5336,ST-3292,노원구,10,
5337,ST-3293,노원구,15,
5338,ST-3301,노원구,6,
5339,ST-3299,노원구,10,
5341,ST-3357,노원구,10,
5342,ST-3338,노원구,8,
5503,ST-3130,마포구,5,
5504,ST-3213,마포구,7,
5506,ST-3244,마포구,10,
5507,ST-3271,마포구,10,
5508,ST-3272,마포구,8,
5509,ST-3408,마포구,9,
5513,ST-3355,마포구,10,
5514,ST-3380,마포구,10,
5515,ST-3388,마포구,30,
5601,ST-3406,서초구,10,
5602,ST-3420,서초구,5,
5651,ST-3403,성동구,20,
5751,ST-3069,송파구,10,
5752,ST-3070,송파구,6,
5753,ST-3071,송파구,9,
5756,ST-3131,송파구,10,
5758,ST-3133,송파구,10,
5759,ST-3141,송파구,6,
5760,ST-3148,송파구,8,
5761,ST-3153,송파구,10,
5763,ST-3150,송파구,10,
5764,ST-3151,송파구,8,
5765,ST-3162,송파구,12,
5766,ST-3190,송파구,15,
5767,ST-3191,송파구,15,
5768,ST-3214,송파구,12,
5773,ST-3232,송파구,12,
5774,ST-3230,송파구,10,
5775,ST-3242,송파구,10,
5777,ST-3247,송파구,11,
5778,ST-3273,송파구,15,
5779,ST-3285,송파구,8,
5780,ST-3295,송파구,10,
5781,ST-3300,송파구,14,
5782,ST-3343,송파구,5,
5783,ST-3384,송파구,7,
5784,ST-3391,송파구,30,
5785,ST-3409,송파구,20,
5851,ST-3040,영등포구,15,
5852,ST-3041,영등포구,7,
5853,ST-3061,영등포구,10,
5854,ST-3072,영등포구,26,
5855,ST-3073,영등포구,31,
5857,ST-3102,영등포구,15,
5858,ST-3142,영등포구,10,
5859,ST-3160,영등포구,10,
5860,ST-3171,영등포구,10,
5861,ST-3170,영등포구,10,
5862,ST-3187,영등포구,14,
5864,ST-3200,영등포구,8,
5865,ST-3204,영등포구,10,
5866,ST-3212,영등포구,8,
5867,ST-3235,영등포구,10,
5868,ST-3238,영등포구,6,
5869,ST-3241,영등포구,10,
5870,ST-3239,영등포구,10,
5871,ST-3250,영등포구,13,
5872,ST-3283,영등포구,7,
5876,ST-3313,영등포구,10,
5877,ST-3314,영등포구,10,
5878,ST-3315,영등포구,20,
5879,ST-3318,영등포구,8,
5880,ST-3319,영등포구,7,
5881,ST-3322,영등포구,7,
5882,ST-3323,영등포구,7,
5883,ST-3330,영등포구,8,
5884,ST-3331,영등포구,8,
5885,ST-3341,영등포구,10,
5886,ST-3359,영등포구,10,
5887,ST-3374,영등포구,12,
5888,ST-3375,영등포구,7,
5889,ST-3377,영등포구,10,
5890,ST-3401,영등포구,11,
5891,ST-3402,영등포구,30,
5892,ST-3383,영등포구,7,
5893,ST-3397,영등포구,10,
5894,ST-3398,영등포구,10,
5895,ST-3404,영등포구,15,
5896,ST-3417,영등포구,7,
6053,ST-3161,중구,5,
6054,ST-3210,중구,5,
6055,ST-3255,중구,8,
6057,ST-3291,중구,6,
6058,ST-2518,중구,10,
6059,ST-3305,중구,8,
6060,ST-3342,중구,8,
6061,ST-3381,중구,10,
6062,ST-3413,중구,10,
6063,ST-3412,중구,6,
6171,ST-3276,강서구,12,
6172,ST-3281,강서구,10,
6173,ST-3284,강서구,10,
6176,ST-3327,강서구,7,
6177,ST-3324,강서구,10,
6178,ST-3337,강서구,10,
6180,ST-3365,강서구,9,
6182,ST-3370,강서구,10,
6183,ST-3371,강서구,10,
6184,ST-2492,강서구,32,
6185,ST-3418,강서구,8,
6187,ST-3415,강서구,12,
6188,ST-3419,강서구,10,
6189,ST-3424,강서구,11,
6190,ST-3421,강서구,10,
