gu,factor,value,unit,source,year
강남구,population_total,545809,people,https://ko.wikipedia.org/wiki/%EC%84%9C%EC%9A%B8%ED%8A%B9%EB%B3%84%EC%8B%9C%EC%9D%98_%ED%96%89%EC%A0%95_%EA%B5%AC%EC%97%AD,2022-05
강남구,area_km2,39.51,km2,https://ko.wikipedia.org/wiki/%EC%84%9C%EC%9A%B8%ED%8A%B9%EB%B3%84%EC%8B%9C%EC%9D%98_%ED%96%89%EC%A0%95_%EA%B5%AC%EC%97%AD,2022-05
강남구,population_density_per_km2,13814.5,people/km2,https://ko.wikipedia.org/wiki/%EC%84%9C%EC%9A%B8%ED%8A%B9%EB%B3%84%EC%8B%9C%EC%9D%98_%ED%96%89%EC%A0%95_%EA%B5%AC%EC%97%AD,2022-05
강남구,centroid_lat,37.487902,deg,frontend/public/seoul_gu_simple.geojson,2013
강남구,centroid_lon,127.075020,deg,frontend/public/seoul_gu_simple.geojson,2013
강남구,dist_to_cityhall_km,12.221,km,computed_from_centroid,2013
강남구,registered_foreigners_total,6058,people,https://www.immigration.go.kr/bbs/immigration/227/600059/artclView.do,2025-09-30
강남구,registered_foreigners_ratio_pct,1.110,%,computed_from_registered_foreigners_total_and_population_total,2025-09-30
강동구,population_total,432168,people,https://ko.wikipedia.org/wiki/%EC%84%9C%EC%9A%B8%ED%8A%B9%EB%B3%84%EC%8B%9C%EC%9D%98_%ED%96%89%EC%A0%95_%EA%B5%AC%EC%97%AD,2022-05
강동구,area_km2,24.58,km2,https://ko.wikipedia.org/wiki/%EC%84%9C%EC%9A%B8%ED%8A%B9%EB%B3%84%EC%8B%9C%EC%9D%98_%ED%96%89%EC%A0%95_%EA%B5%AC%EC%97%AD,2022-05
강동구,population_density_per_km2,17582.1,people/km2,https://ko.wikipedia.org/wiki/%EC%84%9C%EC%9A%B8%ED%8A%B9%EB%B3%84%EC%8B%9C%EC%9D%98_%ED%96%89%EC%A0%95_%EA%B5%AC%EC%97%AD,2022-05
강동구,centroid_lat,37.548510,deg,frontend/public/seoul_gu_simple.geojson,2013
강동구,centroid_lon,127.153334,deg,frontend/public/seoul_gu_simple.geojson,2013
강동구,dist_to_cityhall_km,15.590,km,computed_from_centroid,2013
강동구,registered_foreigners_total,4801,people,https://www.immigration.go.kr/bbs/immigration/227/600059/artclView.do,2025-09-30
강동구,registered_foreigners_ratio_pct,1.111,%,computed_from_registered_foreigners_total_and_population_total,2025-09-30
강북구,population_total,321757,people,https://ko.wikipedia.org/wiki/%EC%84%9C%EC%9A%B8%ED%8A%B9%EB%B3%84%EC%8B%9C%EC%9D%98_%ED%96%89%EC%A0%95_%EA%B5%AC%EC%97%AD,2022-05
강북구,area_km2,23.61,km2,https://ko.wikipedia.org/wiki/%EC%84%9C%EC%9A%B8%ED%8A%B9%EB%B3%84%EC%8B%9C%EC%9D%98_%ED%96%89%EC%A0%95_%EA%B5%AC%EC%97%AD,2022-05
강북구,population_density_per_km2,13628.0,people/km2,https://ko.wikipedia.org/wiki/%EC%84%9C%EC%9A%B8%ED%8A%B9%EB%B3%84%EC%8B%9C%EC%9D%98_%ED%96%89%EC%A0%95_%EA%B5%AC%EC%97%AD,2022-05
강북구,centroid_lat,37.642827,deg,frontend/public/seoul_gu_simple.geojson,2013
강북구,centroid_lon,127.012427,deg,frontend/public/seoul_gu_simple.geojson,2013
강북구,dist_to_cityhall_km,9.037,km,computed_from_centroid,2013
강북구,registered_foreigners_total,6539,people,https://www.immigration.go.kr/bbs/immigration/227/600059/artclView.do,2025-09-30
강북구,registered_foreigners_ratio_pct,2.032,%,computed_from_registered_foreigners_total_and_population_total,2025-09-30
강서구,population_total,599501,people,https://ko.wikipedia.org/wiki/%EC%84%9C%EC%9A%B8%ED%8A%B9%EB%B3%84%EC%8B%9C%EC%9D%98_%ED%96%89%EC%A0%95_%EA%B5%AC%EC%97%AD,2022-05
강서구,area_km2,41.43,km2,https://ko.wikipedia.org/wiki/%EC%84%9C%EC%9A%B8%ED%8A%B9%EB%B3%84%EC%8B%9C%EC%9D%98_%ED%96%89%EC%A0%95_%EA%B5%AC%EC%97%AD,2022-05
강서구,population_density_per_km2,14470.2,people/km2,https://ko.wikipedia.org/wiki/%EC%84%9C%EC%9A%B8%ED%8A%B9%EB%B3%84%EC%8B%9C%EC%9D%98_%ED%96%89%EC%A0%95_%EA%B5%AC%EC%97%AD,2022-05
강서구,centroid_lat,37.557711,deg,frontend/public/seoul_gu_simple.geojson,2013
강서구,centroid_lon,126.818969,deg,frontend/public/seoul_gu_simple.geojson,2013
강서구,dist_to_cityhall_km,14.041,km,computed_from_centroid,2013
강서구,registered_foreigners_total,6508,people,https://www.immigration.go.kr/bbs/immigration/227/600059/artclView.do,2025-09-30
강서구,registered_foreigners_ratio_pct,1.086,%,computed_from_registered_foreigners_total_and_population_total,2025-09-30
관악구,population_total,503900,people,https://ko.wikipedia.org/wiki/%EC%84%9C%EC%9A%B8%ED%8A%B9%EB%B3%84%EC%8B%9C%EC%9D%98_%ED%96%89%EC%A0%95_%EA%B5%AC%EC%97%AD,2022-05
관악구,area_km2,29.57,km2,https://ko.wikipedia.org/wiki/%EC%84%9C%EC%9A%B8%ED%8A%B9%EB%B3%84%EC%8B%9C%EC%9D%98_%ED%96%89%EC%A0%95_%EA%B5%AC%EC%97%AD,2022-05
관악구,population_density_per_km2,17040.9,people/km2,https://ko.wikipedia.org/wiki/%EC%84%9C%EC%9A%B8%ED%8A%B9%EB%B3%84%EC%8B%9C%EC%9D%98_%ED%96%89%EC%A0%95_%EA%B5%AC%EC%97%AD,2022-05
관악구,centroid_lat,37.464788,deg,frontend/public/seoul_gu_simple.geojson,2013
관악구,centroid_lon,126.945904,deg,frontend/public/seoul_gu_simple.geojson,2013
관악구,dist_to_cityhall_km,11.635,km,computed_from_centroid,2013
관악구,registered_foreigners_total,19189,people,https://www.immigration.go.kr/bbs/immigration/227/600059/artclView.do,2025-09-30
관악구,registered_foreigners_ratio_pct,3.808,%,computed_from_registered_foreigners_total_and_population_total,2025-09-30
광진구,population_total,355352,people,https://ko.wikipedia.org/wiki/%EC%84%9C%EC%9A%B8%ED%8A%B9%EB%B3%84%EC%8B%9C%EC%9D%98_%ED%96%89%EC%A0%95_%EA%B5%AC%EC%97%AD,2022-05
광진구,area_km2,17.06,km2,https://ko.wikipedia.org/wiki/%EC%84%9C%EC%9A%B8%ED%8A%B9%EB%B3%84%EC%8B%9C%EC%9D%98_%ED%96%89%EC%A0%95_%EA%B5%AC%EC%97%AD,2022-05
광진구,population_density_per_km2,20829.5,people/km2,https://ko.wikipedia.org/wiki/%EC%84%9C%EC%9A%B8%ED%8A%B9%EB%B3%84%EC%8B%9C%EC%9D%98_%ED%96%89%EC%A0%95_%EA%B5%AC%EC%97%AD,2022-05
광진구,centroid_lat,37.548971,deg,frontend/public/seoul_gu_simple.geojson,2013
광진구,centroid_lon,127.093981,deg,frontend/public/seoul_gu_simple.geojson,2013
광진구,dist_to_cityhall_km,10.412,km,computed_from_centroid,2013
광진구,registered_foreigners_total,17891,people,https://www.immigration.go.kr/bbs/immigration/227/600059/artclView.do,2025-09-30
광진구,registered_foreigners_ratio_pct,5.035,%,computed_from_registered_foreigners_total_and_population_total,2025-09-30
구로구,population_total,406888,people,https://ko.wikipedia.org/wiki/%EC%84%9C%EC%9A%B8%ED%8A%B9%EB%B3%84%EC%8B%9C%EC%9D%98_%ED%96%89%EC%A0%95_%EA%B5%AC%EC%97%AD,2022-05
구로구,area_km2,20.12,km2,https://ko.wikipedia.org/wiki/%EC%84%9C%EC%9A%B8%ED%8A%B9%EB%B3%84%EC%8B%9C%EC%9D%98_%ED%96%89%EC%A0%95_%EA%B5%AC%EC%97%AD,2022-05
구로구,population_density_per_km2,20223.1,people/km2,https://ko.wikipedia.org/wiki/%EC%84%9C%EC%9A%B8%ED%8A%B9%EB%B3%84%EC%8B%9C%EC%9D%98_%ED%96%89%EC%A0%95_%EA%B5%AC%EC%97%AD,2022-05
구로구,centroid_lat,37.491451,deg,frontend/public/seoul_gu_simple.geojson,2013
구로구,centroid_lon,126.855047,deg,frontend/public/seoul_gu_simple.geojson,2013
구로구,dist_to_cityhall_km,13.661,km,computed_from_centroid,2013
구로구,registered_foreigners_total,24485,people,https://www.immigration.go.kr/bbs/immigration/227/600059/artclView.do,2025-09-30
구로구,registered_foreigners_ratio_pct,6.018,%,computed_from_registered_foreigners_total_and_population_total,2025-09-30
금천구,population_total,233145,people,https://ko.wikipedia.org/wiki/%EC%84%9C%EC%9A%B8%ED%8A%B9%EB%B3%84%EC%8B%9C%EC%9D%98_%ED%96%89%EC%A0%95_%EA%B5%AC%EC%97%AD,2022-05
금천구,area_km2,13.00,km2,https://ko.wikipedia.org/wiki/%EC%84%9C%EC%9A%B8%ED%8A%B9%EB%B3%84%EC%8B%9C%EC%9D%98_%ED%96%89%EC%A0%95_%EA%B5%AC%EC%97%AD,2022-05
금천구,population_density_per_km2,17934.2,people/km2,https://ko.wikipedia.org/wiki/%EC%84%9C%EC%9A%B8%ED%8A%B9%EB%B3%84%EC%8B%9C%EC%9D%98_%ED%96%89%EC%A0%95_%EA%B5%AC%EC%97%AD,2022-05
금천구,centroid_lat,37.457857,deg,frontend/public/seoul_gu_simple.geojson,2013
금천구,centroid_lon,126.903655,deg,frontend/public/seoul_gu_simple.geojson,2013
금천구,dist_to_cityhall_km,13.722,km,computed_from_centroid,2013
금천구,registered_foreigners_total,14244,people,https://www.immigration.go.kr/bbs/immigration/227/600059/artclView.do,2025-09-30
금천구,registered_foreigners_ratio_pct,6.110,%,computed_from_registered_foreigners_total_and_population_total,2025-09-30
노원구,population_total,548371,people,https://ko.wikipedia.org/wiki/%EC%84%9C%EC%9A%B8%ED%8A%B9%EB%B3%84%EC%8B%9C%EC%9D%98_%ED%96%89%EC%A0%95_%EA%B5%AC%EC%97%AD,2022-05
노원구,area_km2,35.44,km2,https://ko.wikipedia.org/wiki/%EC%84%9C%EC%9A%B8%ED%8A%B9%EB%B3%84%EC%8B%9C%EC%9D%98_%ED%96%89%EC%A0%95_%EA%B5%AC%EC%97%AD,2022-05
노원구,population_density_per_km2,15473.2,people/km2,https://ko.wikipedia.org/wiki/%EC%84%9C%EC%9A%B8%ED%8A%B9%EB%B3%84%EC%8B%9C%EC%9D%98_%ED%96%89%EC%A0%95_%EA%B5%AC%EC%97%AD,2022-05
노원구,centroid_lat,37.650407,deg,frontend/public/seoul_gu_simple.geojson,2013
노원구,centroid_lon,127.080656,deg,frontend/public/seoul_gu_simple.geojson,2013
노원구,dist_to_cityhall_km,13.015,km,computed_from_centroid,2013
노원구,registered_foreigners_total,5213,people,https://www.immigration.go.kr/bbs/immigration/227/600059/artclView.do,2025-09-30
노원구,registered_foreigners_ratio_pct,0.951,%,computed_from_registered_foreigners_total_and_population_total,2025-09-30
도봉구,population_total,341638,people,https://ko.wikipedia.org/wiki/%EC%84%9C%EC%9A%B8%ED%8A%B9%EB%B3%84%EC%8B%9C%EC%9D%98_%ED%96%89%EC%A0%95_%EA%B5%AC%EC%97%AD,2022-05
도봉구,area_km2,20.70,km2,https://ko.wikipedia.org/wiki/%EC%84%9C%EC%9A%B8%ED%8A%B9%EB%B3%84%EC%8B%9C%EC%9D%98_%ED%96%89%EC%A0%95_%EA%B5%AC%EC%97%AD,2022-05
도봉구,population_density_per_km2,16504.3,people/km2,https://ko.wikipedia.org/wiki/%EC%84%9C%EC%9A%B8%ED%8A%B9%EB%B3%84%EC%8B%9C%EC%9D%98_%ED%96%89%EC%A0%95_%EA%B5%AC%EC%97%AD,2022-05
도봉구,centroid_lat,37.668550,deg,frontend/public/seoul_gu_simple.geojson,2013
도봉구,centroid_lon,127.033282,deg,frontend/public/seoul_gu_simple.geojson,2013
도봉구,dist_to_cityhall_km,12.372,km,computed_from_centroid,2013
도봉구,registered_foreigners_total,2950,people,https://www.immigration.go.kr/bbs/immigration/227/600059/artclView.do,2025-09-30
도봉구,registered_foreigners_ratio_pct,0.863,%,computed_from_registered_foreigners_total_and_population_total,2025-09-30
동대문구,population_total,349917,people,https://ko.wikipedia.org/wiki/%EC%84%9C%EC%9A%B8%ED%8A%B9%EB%B3%84%EC%8B%9C%EC%9D%98_%ED%96%89%EC%A0%95_%EA%B5%AC%EC%97%AD,2022-05
동대문구,area_km2,14.20,km2,https://ko.wikipedia.org/wiki/%EC%84%9C%EC%9A%B8%ED%8A%B9%EB%B3%84%EC%8B%9C%EC%9D%98_%ED%96%89%EC%A0%95_%EA%B5%AC%EC%97%AD,2022-05
동대문구,population_density_per_km2,24642.0,people/km2,https://ko.wikipedia.org/wiki/%EC%84%9C%EC%9A%B8%ED%8A%B9%EB%B3%84%EC%8B%9C%EC%9D%98_%ED%96%89%EC%A0%95_%EA%B5%AC%EC%97%AD,2022-05
동대문구,centroid_lat,37.584599,deg,frontend/public/seoul_gu_simple.geojson,2013
동대문구,centroid_lon,127.056913,deg,frontend/public/seoul_gu_simple.geojson,2013
동대문구,dist_to_cityhall_km,7.254,km,computed_from_centroid,2013
동대문구,registered_foreigners_total,20256,people,https://www.immigration.go.kr/bbs/immigration/227/600059/artclView.do,2025-09-30
동대문구,registered_foreigners_ratio_pct,5.789,%,computed_from_registered_foreigners_total_and_population_total,2025-09-30
동작구,population_total,395095,people,https://ko.wikipedia.org/wiki/%EC%84%9C%EC%9A%B8%ED%8A%B9%EB%B3%84%EC%8B%9C%EC%9D%98_%ED%96%89%EC%A0%95_%EA%B5%AC%EC%97%AD,2022-05
동작구,area_km2,16.35,km2,https://ko.wikipedia.org/wiki/%EC%84%9C%EC%9A%B8%ED%8A%B9%EB%B3%84%EC%8B%9C%EC%9D%98_%ED%96%89%EC%A0%95_%EA%B5%AC%EC%97%AD,2022-05
동작구,population_density_per_km2,24164.8,people/km2,https://ko.wikipedia.org/wiki/%EC%84%9C%EC%9A%B8%ED%8A%B9%EB%B3%84%EC%8B%9C%EC%9D%98_%ED%96%89%EC%A0%95_%EA%B5%AC%EC%97%AD,2022-05
동작구,centroid_lat,37.495006,deg,frontend/public/seoul_gu_simple.geojson,2013
동작구,centroid_lon,126.948802,deg,frontend/public/seoul_gu_simple.geojson,2013
동작구,dist_to_cityhall_km,8.332,km,computed_from_centroid,2013
동작구,registered_foreigners_total,12377,people,https://www.immigration.go.kr/bbs/immigration/227/600059/artclView.do,2025-09-30
동작구,registered_foreigners_ratio_pct,3.133,%,computed_from_registered_foreigners_total_and_population_total,2025-09-30
마포구,population_total,374579,people,https://ko.wikipedia.org/wiki/%EC%84%9C%EC%9A%B8%ED%8A%B9%EB%B3%84%EC%8B%9C%EC%9D%98_%ED%96%89%EC%A0%95_%EA%B5%AC%EC%97%AD,2022-05
마포구,area_km2,23.88,km2,https://ko.wikipedia.org/wiki/%EC%84%9C%EC%9A%B8%ED%8A%B9%EB%B3%84%EC%8B%9C%EC%9D%98_%ED%96%89%EC%A0%95_%EA%B5%AC%EC%97%AD,2022-05
마포구,population_density_per_km2,15685.9,people/km2,https://ko.wikipedia.org/wiki/%EC%84%9C%EC%9A%B8%ED%8A%B9%EB%B3%84%EC%8B%9C%EC%9D%98_%ED%96%89%EC%A0%95_%EA%B5%AC%EC%97%AD,2022-05
마포구,centroid_lat,37.561081,deg,frontend/public/seoul_gu_simple.geojson,2013
마포구,centroid_lon,126.912448,deg,frontend/public/seoul_gu_simple.geojson,2013
마포구,dist_to_cityhall_km,5.798,km,computed_from_centroid,2013
마포구,registered_foreigners_total,11727,people,https://www.immigration.go.kr/bbs/immigration/227/600059/artclView.do,2025-09-30
마포구,registered_foreigners_ratio_pct,3.131,%,computed_from_registered_foreigners_total_and_population_total,2025-09-30
서대문구,population_total,310821,people,https://ko.wikipedia.org/wiki/%EC%84%9C%EC%9A%B8%ED%8A%B9%EB%B3%84%EC%8B%9C%EC%9D%98_%ED%96%89%EC%A0%95_%EA%B5%AC%EC%97%AD,2022-05
서대문구,area_km2,17.60,km2,https://ko.wikipedia.org/wiki/%EC%84%9C%EC%9A%B8%ED%8A%B9%EB%B3%84%EC%8B%9C%EC%9D%98_%ED%96%89%EC%A0%95_%EA%B5%AC%EC%97%AD,2022-05
서대문구,population_density_per_km2,17660.3,people/km2,https://ko.wikipedia.org/wiki/%EC%84%9C%EC%9A%B8%ED%8A%B9%EB%B3%84%EC%8B%9C%EC%9D%98_%ED%96%89%EC%A0%95_%EA%B5%AC%EC%97%AD,2022-05
서대문구,centroid_lat,37.579860,deg,frontend/public/seoul_gu_simple.geojson,2013
서대문구,centroid_lon,126.942974,deg,frontend/public/seoul_gu_simple.geojson,2013
서대문구,dist_to_cityhall_km,3.427,km,computed_from_centroid,2013
서대문구,registered_foreigners_total,16728,people,https://www.immigration.go.kr/bbs/immigration/227/600059/artclView.do,2025-09-30
서대문구,registered_foreigners_ratio_pct,5.382,%,computed_from_registered_foreigners_total_and_population_total,2025-09-30
서초구,population_total,439030,people,https://ko.wikipedia.org/wiki/%EC%84%9C%EC%9A%B8%ED%8A%B9%EB%B3%84%EC%8B%9C%EC%9D%98_%ED%96%89%EC%A0%95_%EA%B5%AC%EC%97%AD,2022-05
서초구,area_km2,47.00,km2,https://ko.wikipedia.org/wiki/%EC%84%9C%EC%9A%B8%ED%8A%B9%EB%B3%84%EC%8B%9C%EC%9D%98_%ED%96%89%EC%A0%95_%EA%B5%AC%EC%97%AD,2022-05
서초구,population_density_per_km2,9341.1,people/km2,https://ko.wikipedia.org/wiki/%EC%84%9C%EC%9A%B8%ED%8A%B9%EB%B3%84%EC%8B%9C%EC%9D%98_%ED%96%89%EC%A0%95_%EA%B5%AC%EC%97%AD,2022-05
서초구,centroid_lat,37.464048,deg,frontend/public/seoul_gu_simple.geojson,2013
서초구,centroid_lon,127.039196,deg,frontend/public/seoul_gu_simple.geojson,2013
서초구,dist_to_cityhall_km,12.590,km,computed_from_centroid,2013
서초구,registered_foreigners_total,4809,people,https://www.immigration.go.kr/bbs/immigration/227/600059/artclView.do,2025-09-30
서초구,registered_foreigners_ratio_pct,1.095,%,computed_from_registered_foreigners_total_and_population_total,2025-09-30
성동구,population_total,308519,people,https://ko.wikipedia.org/wiki/%EC%84%9C%EC%9A%B8%ED%8A%B9%EB%B3%84%EC%8B%9C%EC%9D%98_%ED%96%89%EC%A0%95_%EA%B5%AC%EC%97%AD,2022-05
성동구,area_km2,16.85,km2,https://ko.wikipedia.org/wiki/%EC%84%9C%EC%9A%B8%ED%8A%B9%EB%B3%84%EC%8B%9C%EC%9D%98_%ED%96%89%EC%A0%95_%EA%B5%AC%EC%97%AD,2022-05
성동구,population_density_per_km2,18309.7,people/km2,https://ko.wikipedia.org/wiki/%EC%84%9C%EC%9A%B8%ED%8A%B9%EB%B3%84%EC%8B%9C%EC%9D%98_%ED%96%89%EC%A0%95_%EA%B5%AC%EC%97%AD,2022-05
성동구,centroid_lat,37.551088,deg,frontend/public/seoul_gu_simple.geojson,2013
성동구,centroid_lon,127.035984,deg,frontend/public/seoul_gu_simple.geojson,2013
성동구,dist_to_cityhall_km,5.392,km,computed_from_centroid,2013
성동구,registered_foreigners_total,8093,people,https://www.immigration.go.kr/bbs/immigration/227/600059/artclView.do,2025-09-30
성동구,registered_foreigners_ratio_pct,2.623,%,computed_from_registered_foreigners_total_and_population_total,2025-09-30
성북구,population_total,439292,people,https://ko.wikipedia.org/wiki/%EC%84%9C%EC%9A%B8%ED%8A%B9%EB%B3%84%EC%8B%9C%EC%9D%98_%ED%96%89%EC%A0%95_%EA%B5%AC%EC%97%AD,2022-05
성북구,area_km2,24.56,km2,https://ko.wikipedia.org/wiki/%EC%84%9C%EC%9A%B8%ED%8A%B9%EB%B3%84%EC%8B%9C%EC%9D%98_%ED%96%89%EC%A0%95_%EA%B5%AC%EC%97%AD,2022-05
성북구,population_density_per_km2,17886.5,people/km2,https://ko.wikipedia.org/wiki/%EC%84%9C%EC%9A%B8%ED%8A%B9%EB%B3%84%EC%8B%9C%EC%9D%98_%ED%96%89%EC%A0%95_%EA%B5%AC%EC%97%AD,2022-05
성북구,centroid_lat,37.605277,deg,frontend/public/seoul_gu_simple.geojson,2013
성북구,centroid_lon,127.019519,deg,frontend/public/seoul_gu_simple.geojson,2013
성북구,dist_to_cityhall_km,5.677,km,computed_from_centroid,2013
성북구,registered_foreigners_total,13931,people,https://www.immigration.go.kr/bbs/immigration/227/600059/artclView.do,2025-09-30
성북구,registered_foreigners_ratio_pct,3.171,%,computed_from_registered_foreigners_total_and_population_total,2025-09-30
송파구,population_total,667144,people,https://ko.wikipedia.org/wiki/%EC%84%9C%EC%9A%B8%ED%8A%B9%EB%B3%84%EC%8B%9C%EC%9D%98_%ED%96%89%EC%A0%95_%EA%B5%AC%EC%97%AD,2022-05
송파구,area_km2,33.88,km2,https://ko.wikipedia.org/wiki/%EC%84%9C%EC%9A%B8%ED%8A%B9%EB%B3%84%EC%8B%9C%EC%9D%98_%ED%96%89%EC%A0%95_%EA%B5%AC%EC%97%AD,2022-05
송파구,population_density_per_km2,19691.4,people/km2,https://ko.wikipedia.org/wiki/%EC%84%9C%EC%9A%B8%ED%8A%B9%EB%B3%84%EC%8B%9C%EC%9D%98_%ED%96%89%EC%A0%95_%EA%B5%AC%EC%97%AD,2022-05
송파구,centroid_lat,37.497060,deg,frontend/public/seoul_gu_simple.geojson,2013
송파구,centroid_lon,127.124191,deg,frontend/public/seoul_gu_simple.geojson,2013
송파구,dist_to_cityhall_km,15.023,km,computed_from_centroid,2013
송파구,registered_foreigners_total,6365,people,https://www.immigration.go.kr/bbs/immigration/227/600059/artclView.do,2025-09-30
송파구,registered_foreigners_ratio_pct,0.954,%,computed_from_registered_foreigners_total_and_population_total,2025-09-30
양천구,population_total,466723,people,https://ko.wikipedia.org/wiki/%EC%84%9C%EC%9A%B8%ED%8A%B9%EB%B3%84%EC%8B%9C%EC%9D%98_%ED%96%89%EC%A0%95_%EA%B5%AC%EC%97%AD,2022-05
양천구,area_km2,17.40,km2,https://ko.wikipedia.org/wiki/%EC%84%9C%EC%9A%B8%ED%8A%B9%EB%B3%84%EC%8B%9C%EC%9D%98_%ED%96%89%EC%A0%95_%EA%B5%AC%EC%97%AD,2022-05
양천구,population_density_per_km2,26823.2,people/km2,https://ko.wikipedia.org/wiki/%EC%84%9C%EC%9A%B8%ED%8A%B9%EB%B3%84%EC%8B%9C%EC%9D%98_%ED%96%89%EC%A0%95_%EA%B5%AC%EC%97%AD,2022-05
양천구,centroid_lat,37.521914,deg,frontend/public/seoul_gu_simple.geojson,2013
양천구,centroid_lon,126.855404,deg,frontend/public/seoul_gu_simple.geojson,2013
양천구,dist_to_cityhall_km,11.874,km,computed_from_centroid,2013
양천구,registered_foreigners_total,3458,people,https://www.immigration.go.kr/bbs/immigration/227/600059/artclView.do,2025-09-30
양천구,registered_foreigners_ratio_pct,0.741,%,computed_from_registered_foreigners_total_and_population_total,2025-09-30
영등포구,population_total,368733,people,https://ko.wikipedia.org/wiki/%EC%84%9C%EC%9A%B8%ED%8A%B9%EB%B3%84%EC%8B%9C%EC%9D%98_%ED%96%89%EC%A0%95_%EA%B5%AC%EC%97%AD,2022-05
영등포구,area_km2,24.57,km2,https://ko.wikipedia.org/wiki/%EC%84%9C%EC%9A%B8%ED%8A%B9%EB%B3%84%EC%8B%9C%EC%9D%98_%ED%96%89%EC%A0%95_%EA%B5%AC%EC%97%AD,2022-05
영등포구,population_density_per_km2,15007.4,people/km2,https://ko.wikipedia.org/wiki/%EC%84%9C%EC%9A%B8%ED%8A%B9%EB%B3%84%EC%8B%9C%EC%9D%98_%ED%96%89%EC%A0%95_%EA%B5%AC%EC%97%AD,2022-05
영등포구,centroid_lat,37.518601,deg,frontend/public/seoul_gu_simple.geojson,2013
영등포구,centroid_lon,126.908730,deg,frontend/public/seoul_gu_simple.geojson,2013
영등포구,dist_to_cityhall_km,8.082,km,computed_from_centroid,2013
영등포구,registered_foreigners_total,23957,people,https://www.immigration.go.kr/bbs/immigration/227/600059/artclView.do,2025-09-30
영등포구,registered_foreigners_ratio_pct,6.497,%,computed_from_registered_foreigners_total_and_population_total,2025-09-30
용산구,population_total,229545,people,https://ko.wikipedia.org/wiki/%EC%84%9C%EC%9A%B8%ED%8A%B9%EB%B3%84%EC%8B%9C%EC%9D%98_%ED%96%89%EC%A0%95_%EA%B5%AC%EC%97%AD,2022-05
용산구,area_km2,21.87,km2,https://ko.wikipedia.org/wiki/%EC%84%9C%EC%9A%B8%ED%8A%B9%EB%B3%84%EC%8B%9C%EC%9D%98_%ED%96%89%EC%A0%95_%EA%B5%AC%EC%97%AD,2022-05
용산구,population_density_per_km2,10495.9,people/km2,https://ko.wikipedia.org/wiki/%EC%84%9C%EC%9A%B8%ED%8A%B9%EB%B3%84%EC%8B%9C%EC%9D%98_%ED%96%89%EC%A0%95_%EA%B5%AC%EC%97%AD,2022-05
용산구,centroid_lat,37.534372,deg,frontend/public/seoul_gu_simple.geojson,2013
용산구,centroid_lon,126.984205,deg,frontend/public/seoul_gu_simple.geojson,2013
용산구,dist_to_cityhall_km,3.593,km,computed_from_centroid,2013
용산구,registered_foreigners_total,13080,people,https://www.immigration.go.kr/bbs/immigration/227/600059/artclView.do,2025-09-30
용산구,registered_foreigners_ratio_pct,5.698,%,computed_from_registered_foreigners_total_and_population_total,2025-09-30
은평구,population_total,484021,people,https://ko.wikipedia.org/wiki/%EC%84%9C%EC%9A%B8%ED%8A%B9%EB%B3%84%EC%8B%9C%EC%9D%98_%ED%96%89%EC%A0%95_%EA%B5%AC%EC%97%AD,2022-05
은평구,area_km2,29.69,km2,https://ko.wikipedia.org/wiki/%EC%84%9C%EC%9A%B8%ED%8A%B9%EB%B3%84%EC%8B%9C%EC%9D%98_%ED%96%89%EC%A0%95_%EA%B5%AC%EC%97%AD,2022-05
은평구,population_density_per_km2,16302.5,people/km2,https://ko.wikipedia.org/wiki/%EC%84%9C%EC%9A%B8%ED%8A%B9%EB%B3%84%EC%8B%9C%EC%9D%98_%ED%96%89%EC%A0%95_%EA%B5%AC%EC%97%AD,2022-05
은평구,centroid_lat,37.613514,deg,frontend/public/seoul_gu_simple.geojson,2013
은평구,centroid_lon,126.927121,deg,frontend/public/seoul_gu_simple.geojson,2013
은평구,dist_to_cityhall_km,6.898,km,computed_from_centroid,2013
은평구,registered_foreigners_total,4430,people,https://www.immigration.go.kr/bbs/immigration/227/600059/artclView.do,2025-09-30
은평구,registered_foreigners_ratio_pct,0.915,%,computed_from_registered_foreigners_total_and_population_total,2025-09-30
종로구,population_total,153531,people,https://ko.wikipedia.org/wiki/%EC%84%9C%EC%9A%B8%ED%8A%B9%EB%B3%84%EC%8B%9C%EC%9D%98_%ED%96%89%EC%A0%95_%EA%B5%AC%EC%97%AD,2022-05
종로구,area_km2,23.91,km2,https://ko.wikipedia.org/wiki/%EC%84%9C%EC%9A%B8%ED%8A%B9%EB%B3%84%EC%8B%9C%EC%9D%98_%ED%96%89%EC%A0%95_%EA%B5%AC%EC%97%AD,2022-05
종로구,population_density_per_km2,6421.2,people/km2,https://ko.wikipedia.org/wiki/%EC%84%9C%EC%9A%B8%ED%8A%B9%EB%B3%84%EC%8B%9C%EC%9D%98_%ED%96%89%EC%A0%95_%EA%B5%AC%EC%97%AD,2022-05
종로구,centroid_lat,37.594692,deg,frontend/public/seoul_gu_simple.geojson,2013
종로구,centroid_lon,126.981555,deg,frontend/public/seoul_gu_simple.geojson,2013
종로구,dist_to_cityhall_km,3.173,km,computed_from_centroid,2013
종로구,registered_foreigners_total,11620,people,https://www.immigration.go.kr/bbs/immigration/227/600059/artclView.do,2025-09-30
종로구,registered_foreigners_ratio_pct,7.569,%,computed_from_registered_foreigners_total_and_population_total,2025-09-30
중구,population_total,125941,people,https://ko.wikipedia.org/wiki/%EC%84%9C%EC%9A%B8%ED%8A%B9%EB%B3%84%EC%8B%9C%EC%9D%98_%ED%96%89%EC%A0%95_%EA%B5%AC%EC%97%AD,2022-05
중구,area_km2,9.96,km2,https://ko.wikipedia.org/wiki/%EC%84%9C%EC%9A%B8%ED%8A%B9%EB%B3%84%EC%8B%9C%EC%9D%98_%ED%96%89%EC%A0%95_%EA%B5%AC%EC%97%AD,2022-05
중구,population_density_per_km2,12644.7,people/km2,https://ko.wikipedia.org/wiki/%EC%84%9C%EC%9A%B8%ED%8A%B9%EB%B3%84%EC%8B%9C%EC%9D%98_%ED%96%89%EC%A0%95_%EA%B5%AC%EC%97%AD,2022-05
중구,centroid_lat,37.555264,deg,frontend/public/seoul_gu_simple.geojson,2013
중구,centroid_lon,126.996292,deg,frontend/public/seoul_gu_simple.geojson,2013
중구,dist_to_cityhall_km,2.033,km,computed_from_centroid,2013
중구,registered_foreigners_total,10484,people,https://www.immigration.go.kr/bbs/immigration/227/600059/artclView.do,2025-09-30
중구,registered_foreigners_ratio_pct,8.325,%,computed_from_registered_foreigners_total_and_population_total,2025-09-30
중랑구,population_total,405118,people,https://ko.wikipedia.org/wiki/%EC%84%9C%EC%9A%B8%ED%8A%B9%EB%B3%84%EC%8B%9C%EC%9D%98_%ED%96%89%EC%A0%95_%EA%B5%AC%EC%97%AD,2022-05
중랑구,area_km2,18.50,km2,https://ko.wikipedia.org/wiki/%EC%84%9C%EC%9A%B8%ED%8A%B9%EB%B3%84%EC%8B%9C%EC%9D%98_%ED%96%89%EC%A0%95_%EA%B5%AC%EC%97%AD,2022-05
중랑구,population_density_per_km2,21898.3,people/km2,https://ko.wikipedia.org/wiki/%EC%84%9C%EC%9A%B8%ED%8A%B9%EB%B3%84%EC%8B%9C%EC%9D%98_%ED%96%89%EC%A0%95_%EA%B5%AC%EC%97%AD,2022-05
중랑구,centroid_lat,37.595720,deg,frontend/public/seoul_gu_simple.geojson,2013
중랑구,centroid_lon,127.098593,deg,frontend/public/seoul_gu_simple.geojson,2013
중랑구,dist_to_cityhall_km,11.127,km,computed_from_centroid,2013
중랑구,registered_foreigners_total,6636,people,https://www.immigration.go.kr/bbs/immigration/227/600059/artclView.do,2025-09-30
중랑구,registered_foreigners_ratio_pct,1.638,%,computed_from_registered_foreigners_total_and_population_total,2025-09-30
